<project version="4">
  <component name="FileEditorManager">
    <leaf>
      <file pinned="false" current-in-tab="false">
        <entry file="file://$PROJECT_DIR$/src/main/resources/mapper/UserMapper.xml">
          <provider selected="true" editor-type-id="text-editor">
            <state relative-caret-position="160">
              <caret line="8" column="13" selection-start-line="8" selection-start-column="13" selection-end-line="8" selection-end-column="13" />
            </state>
          </provider>
        </entry>
      </file>
      <file pinned="false" current-in-tab="false">
        <entry file="file://$PROJECT_DIR$/src/main/java/com/ke/test/User.java">
          <provider selected="true" editor-type-id="text-editor">
            <state relative-caret-position="80">
              <caret line="6" column="36" selection-start-line="6" selection-start-column="36" selection-end-line="6" selection-end-column="36" />
              <folding>
                <element signature="imports" expanded="true" />
              </folding>
            </state>
          </provider>
        </entry>
      </file>
      <file pinned="false" current-in-tab="false">
        <entry file="file://$PROJECT_DIR$/src/main/java/com/ke/test/UserDao.java">
          <provider selected="true" editor-type-id="text-editor">
            <state relative-caret-position="140">
              <caret line="10" selection-start-line="10" selection-end-line="10" selection-end-column="22" />
              <folding>
                <element signature="imports" expanded="true" />
              </folding>
            </state>
          </provider>
        </entry>
      </file>
      <file pinned="false" current-in-tab="false">
        <entry file="file://$PROJECT_DIR$/src/main/java/com/ke/dao/MessageDao.java">
          <provider selected="true" editor-type-id="text-editor">
            <state relative-caret-position="160">
              <caret line="13" column="18" selection-start-line="13" selection-start-column="18" selection-end-line="13" selection-end-column="18" />
              <folding>
                <element signature="imports" expanded="true" />
              </folding>
            </state>
          </provider>
        </entry>
      </file>
      <file pinned="false" current-in-tab="false">
        <entry file="file://$PROJECT_DIR$/src/main/java/com/ke/test/UserController.java">
          <provider selected="true" editor-type-id="text-editor">
            <state relative-caret-position="200">
              <caret line="15" column="25" selection-start-line="15" selection-start-column="18" selection-end-line="15" selection-end-column="25" />
              <folding>
                <element signature="imports" expanded="true" />
              </folding>
            </state>
          </provider>
        </entry>
      </file>
      <file pinned="false" current-in-tab="true">
        <entry file="file://$PROJECT_DIR$/src/main/java/com/ke/controller/TextController.java">
          <provider selected="true" editor-type-id="text-editor">
            <state relative-caret-position="500">
              <caret line="26" column="33" selection-start-line="26" selection-start-column="33" selection-end-line="26" selection-end-column="33" />
              <folding>
                <element signature="imports" expanded="true" />
              </folding>
            </state>
          </provider>
        </entry>
      </file>
      <file pinned="false" current-in-tab="false">
        <entry file="file://$PROJECT_DIR$/src/main/resources/static/index.html">
          <provider selected="true" editor-type-id="text-editor">
            <state relative-caret-position="260">
              <caret line="13" column="11" selection-start-line="13" selection-start-column="11" selection-end-line="13" selection-end-column="11" />
            </state>
          </provider>
        </entry>
      </file>
      <file pinned="false" current-in-tab="false">
        <entry file="file://$PROJECT_DIR$/src/main/java/com/ke/model/Message.java">
          <provider selected="true" editor-type-id="text-editor">
            <state relative-caret-position="160">
              <caret line="11" column="25" selection-start-line="11" selection-start-column="25" selection-end-line="11" selection-end-column="25" />
              <folding>
                <element signature="imports" expanded="true" />
              </folding>
            </state>
          </provider>
        </entry>
      </file>
      <file pinned="false" current-in-tab="false">
        <entry file="file://$PROJECT_DIR$/src/main/java/com/ke/Boot.java">
          <provider selected="true" editor-type-id="text-editor">
            <state relative-caret-position="120">
              <caret line="7" column="13" selection-start-line="7" selection-start-column="13" selection-end-line="7" selection-end-column="13" />
              <folding>
                <element signature="imports" expanded="true" />
              </folding>
            </state>
          </provider>
        </entry>
      </file>
      <file pinned="false" current-in-tab="false">
        <entry file="file://$PROJECT_DIR$/src/main/resources/mapper/MessageMapper.xml">
          <provider selected="true" editor-type-id="text-editor">
            <state relative-caret-position="160">
              <caret line="8" column="29" selection-start-line="8" selection-start-column="29" selection-end-line="8" selection-end-column="29" />
            </state>
          </provider>
        </entry>
      </file>
    </leaf>
  </component>
  <component name="IdeDocumentHistory">
    <option name="CHANGED_PATHS">
      <list>
        <option value="$PROJECT_DIR$/src/main/java/com/ke/Boot.java" />
        <option value="$PROJECT_DIR$/src/main/resources/index.html" />
        <option value="$PROJECT_DIR$/src/main/java/com/ke/test/User.java" />
        <option value="$PROJECT_DIR$/src/main/resources/mapper/UserDao.xml" />
        <option value="$PROJECT_DIR$/src/main/java/com/ke/test/UserDao.java" />
        <option value="$PROJECT_DIR$/pom.xml" />
        <option value="$PROJECT_DIR$/src/main/java/com/ke/test/UserController.java" />
        <option value="$PROJECT_DIR$/src/main/resources/application.properties" />
        <option value="$PROJECT_DIR$/src/main/java/com/ke/config/CorsConfig.java" />
        <option value="$PROJECT_DIR$/src/main/resources/mapper/MassageMapper.xml" />
        <option value="$PROJECT_DIR$/src/main/java/com/ke/model/Message.java" />
        <option value="$PROJECT_DIR$/src/main/resources/mapper/UserMapper.xml" />
        <option value="$PROJECT_DIR$/src/main/resources/static/index.html" />
        <option value="$PROJECT_DIR$/src/main/resources/mapper/MessageMapper.xml" />
        <option value="$PROJECT_DIR$/src/main/java/com/ke/controller/TextController.java" />
        <option value="$PROJECT_DIR$/src/main/java/com/ke/dao/MessageDao.java" />
      </list>
    </option>
  </component>
  <component name="MavenProjectNavigator">
    <treeState>
      <expand />
      <select />
    </treeState>
  </component>
  <component name="ProjectFrameBounds" x="18" y="133" width="1787" height="1067" extendedState="6" />
  <component name="ProjectView">
    <navigator proportions="" version="1" />
    <panes>
      <pane id="ProjectPane">
        <subPane>
          <expand>
            <path>
              <item name="Clipboard" type="b2602c69:ProjectViewProjectNode" />
              <item name="Clipboard" type="462c0819:PsiDirectoryNode" />
            </path>
            <path>
              <item name="Clipboard" type="b2602c69:ProjectViewProjectNode" />
              <item name="Clipboard" type="462c0819:PsiDirectoryNode" />
              <item name="src" type="462c0819:PsiDirectoryNode" />
            </path>
            <path>
              <item name="Clipboard" type="b2602c69:ProjectViewProjectNode" />
              <item name="Clipboard" type="462c0819:PsiDirectoryNode" />
              <item name="src" type="462c0819:PsiDirectoryNode" />
              <item name="main" type="462c0819:PsiDirectoryNode" />
            </path>
            <path>
              <item name="Clipboard" type="b2602c69:ProjectViewProjectNode" />
              <item name="Clipboard" type="462c0819:PsiDirectoryNode" />
              <item name="src" type="462c0819:PsiDirectoryNode" />
              <item name="main" type="462c0819:PsiDirectoryNode" />
              <item name="java" type="462c0819:PsiDirectoryNode" />
            </path>
            <path>
              <item name="Clipboard" type="b2602c69:ProjectViewProjectNode" />
              <item name="Clipboard" type="462c0819:PsiDirectoryNode" />
              <item name="src" type="462c0819:PsiDirectoryNode" />
              <item name="main" type="462c0819:PsiDirectoryNode" />
              <item name="java" type="462c0819:PsiDirectoryNode" />
              <item name="ke" type="462c0819:PsiDirectoryNode" />
            </path>
            <path>
              <item name="Clipboard" type="b2602c69:ProjectViewProjectNode" />
              <item name="Clipboard" type="462c0819:PsiDirectoryNode" />
              <item name="src" type="462c0819:PsiDirectoryNode" />
              <item name="main" type="462c0819:PsiDirectoryNode" />
              <item name="resources" type="462c0819:PsiDirectoryNode" />
            </path>
            <path>
              <item name="Clipboard" type="b2602c69:ProjectViewProjectNode" />
              <item name="External Libraries" type="cb654da1:ExternalLibrariesNode" />
            </path>
          </expand>
          <select />
        </subPane>
      </pane>
      <pane id="Scope" />
      <pane id="PackagesPane" />
    </panes>
  </component>
  <component name="TimeTrackingManager">
    <option name="totallyTimeSpent" value="20816000" />
  </component>
  <component name="ToolWindowManager">
    <frame x="-7" y="-7" width="1508" height="908" extended-state="6" />
    <editor active="true" />
    <layout>
      <window_info active="true" content_ui="combo" id="Project" order="0" visible="true" weight="0.20344828" />
      <window_info id="Structure" order="1" side_tool="true" weight="0.25" />
      <window_info id="Favorites" order="2" side_tool="true" />
      <window_info id="Web" order="3" side_tool="true" />
      <window_info anchor="bottom" id="Message" order="0" />
      <window_info anchor="bottom" id="Find" order="1" />
      <window_info anchor="bottom" id="Run" order="2" sideWeight="0.6062069" weight="0.38311687" />
      <window_info anchor="bottom" id="Debug" order="3" weight="0.38961038" />
      <window_info anchor="bottom" id="Cvs" order="4" weight="0.25" />
      <window_info anchor="bottom" id="Inspection" order="5" weight="0.4" />
      <window_info anchor="bottom" id="TODO" order="6" />
      <window_info anchor="bottom" id="Internal Method Tracing" order="7" />
      <window_info anchor="bottom" id="Build" order="8" weight="0.32863188" />
      <window_info anchor="bottom" id="Messages" order="9" weight="0.32987013" />
      <window_info anchor="bottom" id="Spring" order="10" />
      <window_info anchor="bottom" id="Services" order="11" show_stripe_button="false" />
      <window_info anchor="bottom" id="Terminal" order="12" />
      <window_info anchor="bottom" id="Event Log" order="13" sideWeight="0.3937931" side_tool="true" weight="0.32857144" />
      <window_info anchor="bottom" id="Database Changes" order="14" />
      <window_info anchor="bottom" id="Version Control" order="15" />
      <window_info anchor="bottom" id="Endpoints" order="16" show_stripe_button="false" />
      <window_info anchor="bottom" id="Java Enterprise" order="17" weight="0.32987013" />
      <window_info anchor="right" id="Commander" internal_type="SLIDING" order="0" type="SLIDING" weight="0.4" />
      <window_info anchor="right" id="Ant Build" order="1" weight="0.25" />
      <window_info anchor="right" content_ui="combo" id="Hierarchy" order="2" weight="0.25" />
      <window_info anchor="right" id="Maven" order="3" visible="true" weight="0.32344827" />
      <window_info anchor="right" id="Ant" order="4" />
      <window_info anchor="right" id="Database" order="5" />
      <window_info anchor="right" id="Theme Preview" order="6" />
      <window_info anchor="right" id="Bean Validation" order="7" />
    </layout>
  </component>
  <component name="editorHistoryManager">
    <entry file="file://$PROJECT_DIR$/src/main/resources/mapper/MassageMapper.kt" />
    <entry file="jar://$MAVEN_REPOSITORY$/org/mybatis/mybatis/3.5.6/mybatis-3.5.6.jar!/org/apache/ibatis/annotations/Mapper.class" />
    <entry file="file://$PROJECT_DIR$/pom.xml">
      <provider selected="true" editor-type-id="text-editor">
        <state relative-caret-position="260">
          <caret line="13" column="40" selection-start-line="13" selection-start-column="40" selection-end-line="13" selection-end-column="40" />
        </state>
      </provider>
    </entry>
    <entry file="file://$PROJECT_DIR$/src/main/java/com/ke/config/CrosConfig.java">
      <provider selected="true" editor-type-id="text-editor">
        <state relative-caret-position="148">
          <caret line="12" column="30" selection-start-line="12" selection-start-column="30" selection-end-line="12" selection-end-column="30" />
          <folding>
            <element signature="imports" expanded="true" />
          </folding>
        </state>
      </provider>
    </entry>
    <entry file="jar://D:/DevTool/apache-maven-3.8.1/repo/org/mybatis/spring/boot/mybatis-spring-boot-autoconfigure/2.1.4/mybatis-spring-boot-autoconfigure-2.1.4.jar!/org/mybatis/spring/boot/autoconfigure/MybatisAutoConfiguration.class">
      <provider selected="true" editor-type-id="text-editor">
        <state relative-caret-position="149">
          <caret line="93" column="29" selection-start-line="93" selection-start-column="29" selection-end-line="93" selection-end-column="29" />
        </state>
      </provider>
    </entry>
    <entry file="file://$PROJECT_DIR$/src/main/resources/application.properties">
      <provider selected="true" editor-type-id="text-editor">
        <state relative-caret-position="120">
          <caret line="6" column="52" selection-start-line="6" selection-start-column="48" selection-end-line="6" selection-end-column="52" />
        </state>
      </provider>
    </entry>
    <entry file="file://$PROJECT_DIR$/src/main/resources/mapper/UserMapper.xml">
      <provider selected="true" editor-type-id="text-editor">
        <state relative-caret-position="160">
          <caret line="8" column="13" selection-start-line="8" selection-start-column="13" selection-end-line="8" selection-end-column="13" />
        </state>
      </provider>
    </entry>
    <entry file="file://$PROJECT_DIR$/src/main/java/com/ke/test/User.java">
      <provider selected="true" editor-type-id="text-editor">
        <state relative-caret-position="80">
          <caret line="6" column="36" selection-start-line="6" selection-start-column="36" selection-end-line="6" selection-end-column="36" />
          <folding>
            <element signature="imports" expanded="true" />
          </folding>
        </state>
      </provider>
    </entry>
    <entry file="file://$PROJECT_DIR$/src/main/java/com/ke/test/UserDao.java">
      <provider selected="true" editor-type-id="text-editor">
        <state relative-caret-position="140">
          <caret line="10" selection-start-line="10" selection-end-line="10" selection-end-column="22" />
          <folding>
            <element signature="imports" expanded="true" />
          </folding>
        </state>
      </provider>
    </entry>
    <entry file="file://$PROJECT_DIR$/src/main/java/com/ke/dao/MessageDao.java">
      <provider selected="true" editor-type-id="text-editor">
        <state relative-caret-position="160">
          <caret line="13" column="18" selection-start-line="13" selection-start-column="18" selection-end-line="13" selection-end-column="18" />
          <folding>
            <element signature="imports" expanded="true" />
          </folding>
        </state>
      </provider>
    </entry>
    <entry file="file://$PROJECT_DIR$/src/main/java/com/ke/test/UserController.java">
      <provider selected="true" editor-type-id="text-editor">
        <state relative-caret-position="200">
          <caret line="15" column="25" selection-start-line="15" selection-start-column="18" selection-end-line="15" selection-end-column="25" />
          <folding>
            <element signature="imports" expanded="true" />
          </folding>
        </state>
      </provider>
    </entry>
    <entry file="file://$PROJECT_DIR$/src/main/resources/static/index.html">
      <provider selected="true" editor-type-id="text-editor">
        <state relative-caret-position="260">
          <caret line="13" column="11" selection-start-line="13" selection-start-column="11" selection-end-line="13" selection-end-column="11" />
        </state>
      </provider>
    </entry>
    <entry file="file://$PROJECT_DIR$/src/main/java/com/ke/model/Message.java">
      <provider selected="true" editor-type-id="text-editor">
        <state relative-caret-position="160">
          <caret line="11" column="25" selection-start-line="11" selection-start-column="25" selection-end-line="11" selection-end-column="25" />
          <folding>
            <element signature="imports" expanded="true" />
          </folding>
        </state>
      </provider>
    </entry>
    <entry file="file://$PROJECT_DIR$/src/main/java/com/ke/Boot.java">
      <provider selected="true" editor-type-id="text-editor">
        <state relative-caret-position="120">
          <caret line="7" column="13" selection-start-line="7" selection-start-column="13" selection-end-line="7" selection-end-column="13" />
          <folding>
            <element signature="imports" expanded="true" />
          </folding>
        </state>
      </provider>
    </entry>
    <entry file="file://$PROJECT_DIR$/src/main/resources/mapper/MessageMapper.xml">
      <provider selected="true" editor-type-id="text-editor">
        <state relative-caret-position="160">
          <caret line="8" column="29" selection-start-line="8" selection-start-column="29" selection-end-line="8" selection-end-column="29" />
        </state>
      </provider>
    </entry>
    <entry file="file://$PROJECT_DIR$/src/main/java/com/ke/controller/TextController.java">
      <provider selected="true" editor-type-id="text-editor">
        <state relative-caret-position="500">
          <caret line="26" column="33" selection-start-line="26" selection-start-column="33" selection-end-line="26" selection-end-column="33" />
          <folding>
            <element signature="imports" expanded="true" />
          </folding>
        </state>
      </provider>
    </entry>
  </component>
  <component name="masterDetails">
    <states>
      <state key="ArtifactsStructureConfigurable.UI">
        <settings>
          <artifact-editor />
          <splitter-proportions>
            <option name="proportions">
              <list>
                <option value="0.2" />
              </list>
            </option>
          </splitter-proportions>
        </settings>
      </state>
      <state key="FacetStructureConfigurable.UI">
        <settings>
          <splitter-proportions>
            <option name="proportions">
              <list>
                <option value="0.2" />
              </list>
            </option>
          </splitter-proportions>
        </settings>
      </state>
      <state key="GlobalLibrariesConfigurable.UI">
        <settings>
          <splitter-proportions>
            <option name="proportions">
              <list>
                <option value="0.2" />
              </list>
            </option>
          </splitter-proportions>
        </settings>
      </state>
      <state key="JdkListConfigurable.UI">
        <settings>
          <splitter-proportions>
            <option name="proportions">
              <list>
                <option value="0.2" />
              </list>
            </option>
          </splitter-proportions>
        </settings>
      </state>
      <state key="ModuleStructureConfigurable.UI">
        <settings>
          <last-edited>Clipboard</last-edited>
          <splitter-proportions>
            <option name="proportions">
              <list>
                <option value="0.2" />
              </list>
            </option>
          </splitter-proportions>
        </settings>
      </state>
      <state key="ProjectLibrariesConfigurable.UI">
        <settings>
          <last-edited>Maven: org.mybatis:mybatis-spring:2.0.4</last-edited>
          <splitter-proportions>
            <option name="proportions">
              <list>
                <option value="0.39425287" />
              </list>
            </option>
          </splitter-proportions>
        </settings>
      </state>
    </states>
  </component>
</project>