<project version="4">
  <component name="FileEditorManager">
    <leaf>
      <file pinned="false" current-in-tab="false">
        <entry file="file://$PROJECT_DIR$/README.md">
          <provider selected="true" editor-type-id="split-provider[text-editor;markdown-preview-editor]">
            <state split_layout="SECOND">
              <first_editor />
              <second_editor />
            </state>
          </provider>
        </entry>
      </file>
      <file pinned="false" current-in-tab="false">
        <entry file="file://$PROJECT_DIR$/index.html">
          <provider selected="true" editor-type-id="text-editor">
            <state>
              <caret line="7" column="8" selection-start-line="7" selection-start-column="8" selection-end-line="7" selection-end-column="8" />
            </state>
          </provider>
        </entry>
      </file>
      <file pinned="false" current-in-tab="true">
        <entry file="file://$PROJECT_DIR$/src/components/User.vue">
          <provider selected="true" editor-type-id="text-editor">
            <state relative-caret-position="260">
              <caret line="13" column="12" selection-start-line="13" selection-start-column="12" selection-end-line="13" selection-end-column="12" />
            </state>
          </provider>
        </entry>
      </file>
      <file pinned="false" current-in-tab="false">
        <entry file="file://$PROJECT_DIR$/src/main.js">
          <provider selected="true" editor-type-id="text-editor">
            <state relative-caret-position="120">
              <caret line="11" column="32" selection-start-line="11" selection-start-column="32" selection-end-line="11" selection-end-column="32" />
              <folding>
                <element signature="n#!!doc" expanded="true" />
                <element signature="e#140#161#0" expanded="true" />
              </folding>
            </state>
          </provider>
        </entry>
      </file>
      <file pinned="false" current-in-tab="false">
        <entry file="file://$PROJECT_DIR$/src/App.vue">
          <provider selected="true" editor-type-id="text-editor">
            <state>
              <caret line="10" column="1" selection-start-line="10" selection-start-column="1" selection-end-line="10" selection-end-column="1" />
            </state>
          </provider>
        </entry>
      </file>
      <file pinned="false" current-in-tab="false">
        <entry file="file://$PROJECT_DIR$/src/router/index.js">
          <provider selected="true" editor-type-id="text-editor">
            <state relative-caret-position="110">
              <caret line="10" column="17" selection-start-line="10" selection-start-column="17" selection-end-line="10" selection-end-column="17" />
              <folding>
                <element signature="e#0#21#0" expanded="true" />
              </folding>
            </state>
          </provider>
        </entry>
      </file>
      <file pinned="false" current-in-tab="false">
        <entry file="file://$PROJECT_DIR$/src/components/HelloWorld.vue">
          <provider selected="true" editor-type-id="text-editor">
            <state>
              <caret line="8" column="25" selection-start-line="8" selection-start-column="25" selection-end-line="8" selection-end-column="25" />
            </state>
          </provider>
        </entry>
      </file>
    </leaf>
  </component>
  <component name="IdeDocumentHistory">
    <option name="CHANGED_PATHS">
      <list>
        <option value="$PROJECT_DIR$/src/main.js" />
        <option value="$PROJECT_DIR$/src/router/index.js" />
        <option value="$PROJECT_DIR$/src/App.vue" />
        <option value="$PROJECT_DIR$/src/components/User.vue" />
      </list>
    </option>
  </component>
  <component name="ProjectFrameBounds" x="66" y="51" width="2082" height="1260" extendedState="6" />
  <component name="ProjectView">
    <navigator currentView="Scope" currentSubView="Scope 'Project Files'; set:Project Files; class com.intellij.psi.search.scope.ProjectFilesScope" proportions="" version="1" />
    <panes>
      <pane id="Scope">
        <subPane subId="Scope 'Project Files'; set:Project Files; class com.intellij.psi.search.scope.ProjectFilesScope">
          <expand>
            <path>
              <item name="Clipboard-frontend" type="3d21c010:ScopeViewTreeModel$ProjectNode" />
              <item name="Clipboard-frontend" type="2674bda8:ScopeViewTreeModel$GroupNode" />
            </path>
          </expand>
          <select />
        </subPane>
      </pane>
      <pane id="ProjectPane">
        <subPane>
          <expand>
            <path>
              <item name="Clipboard-frontend" type="b2602c69:ProjectViewProjectNode" />
              <item name="myvue" type="462c0819:PsiDirectoryNode" />
            </path>
            <path>
              <item name="Clipboard-frontend" type="b2602c69:ProjectViewProjectNode" />
              <item name="myvue" type="462c0819:PsiDirectoryNode" />
              <item name="src" type="462c0819:PsiDirectoryNode" />
            </path>
            <path>
              <item name="Clipboard-frontend" type="b2602c69:ProjectViewProjectNode" />
              <item name="myvue" type="462c0819:PsiDirectoryNode" />
              <item name="src" type="462c0819:PsiDirectoryNode" />
              <item name="components" type="462c0819:PsiDirectoryNode" />
            </path>
            <path>
              <item name="Clipboard-frontend" type="b2602c69:ProjectViewProjectNode" />
              <item name="myvue" type="462c0819:PsiDirectoryNode" />
              <item name="src" type="462c0819:PsiDirectoryNode" />
              <item name="router" type="462c0819:PsiDirectoryNode" />
            </path>
          </expand>
          <select />
        </subPane>
      </pane>
      <pane id="PackagesPane" />
    </panes>
  </component>
  <component name="TerminalArrangementManager">
    <option name="myTabStates">
      <TerminalTabState tabName="Local" commandHistoryFileName="history-" />
    </option>
  </component>
  <component name="TimeTrackingManager">
    <option name="totallyTimeSpent" value="9583000" />
  </component>
  <component name="ToolWindowManager">
    <frame x="-7" y="-7" width="1508" height="908" extended-state="6" />
    <layout>
      <window_info active="true" content_ui="combo" id="Project" order="0" visible="true" weight="0.24965517" />
      <window_info id="Structure" order="1" side_tool="true" weight="0.25" />
      <window_info id="Favorites" order="2" side_tool="true" />
      <window_info anchor="bottom" id="Message" order="0" />
      <window_info anchor="bottom" id="Find" order="1" />
      <window_info anchor="bottom" id="Run" order="2" />
      <window_info anchor="bottom" id="Debug" order="3" weight="0.4" />
      <window_info anchor="bottom" id="Cvs" order="4" weight="0.25" />
      <window_info anchor="bottom" id="Inspection" order="5" weight="0.4" />
      <window_info anchor="bottom" id="TODO" order="6" />
      <window_info anchor="bottom" id="Services" order="7" show_stripe_button="false" />
      <window_info anchor="bottom" id="Database Changes" order="8" />
      <window_info anchor="bottom" id="Version Control" order="9" />
      <window_info anchor="bottom" id="Internal Method Tracing" order="10" />
      <window_info anchor="bottom" id="Terminal" order="11" visible="true" weight="0.3025974" />
      <window_info anchor="bottom" id="Event Log" order="12" side_tool="true" />
      <window_info anchor="bottom" id="Build" order="13" />
      <window_info anchor="right" id="Commander" internal_type="SLIDING" order="0" type="SLIDING" weight="0.4" />
      <window_info anchor="right" id="Ant Build" order="1" weight="0.25" />
      <window_info anchor="right" content_ui="combo" id="Hierarchy" order="2" weight="0.25" />
      <window_info anchor="right" id="Theme Preview" order="3" />
      <window_info anchor="right" id="Ant" order="4" />
      <window_info anchor="right" id="Database" order="5" />
    </layout>
  </component>
  <component name="editorHistoryManager">
    <entry file="file://$PROJECT_DIR$/README.md">
      <provider selected="true" editor-type-id="split-provider[text-editor;markdown-preview-editor]">
        <state split_layout="SECOND">
          <first_editor />
          <second_editor />
        </state>
      </provider>
    </entry>
    <entry file="file://$PROJECT_DIR$/index.html">
      <provider selected="true" editor-type-id="text-editor">
        <state>
          <caret line="7" column="8" selection-start-line="7" selection-start-column="8" selection-end-line="7" selection-end-column="8" />
        </state>
      </provider>
    </entry>
    <entry file="file://$PROJECT_DIR$/src/main.js">
      <provider selected="true" editor-type-id="text-editor">
        <state relative-caret-position="120">
          <caret line="11" column="32" selection-start-line="11" selection-start-column="32" selection-end-line="11" selection-end-column="32" />
          <folding>
            <element signature="n#!!doc" expanded="true" />
            <element signature="e#140#161#0" expanded="true" />
          </folding>
        </state>
      </provider>
    </entry>
    <entry file="file://$PROJECT_DIR$/src/App.vue">
      <provider selected="true" editor-type-id="text-editor">
        <state>
          <caret line="10" column="1" selection-start-line="10" selection-start-column="1" selection-end-line="10" selection-end-column="1" />
        </state>
      </provider>
    </entry>
    <entry file="file://$PROJECT_DIR$/src/router/index.js">
      <provider selected="true" editor-type-id="text-editor">
        <state relative-caret-position="110">
          <caret line="10" column="17" selection-start-line="10" selection-start-column="17" selection-end-line="10" selection-end-column="17" />
          <folding>
            <element signature="e#0#21#0" expanded="true" />
          </folding>
        </state>
      </provider>
    </entry>
    <entry file="file://$PROJECT_DIR$/src/components/HelloWorld.vue">
      <provider selected="true" editor-type-id="text-editor">
        <state>
          <caret line="8" column="25" selection-start-line="8" selection-start-column="25" selection-end-line="8" selection-end-column="25" />
        </state>
      </provider>
    </entry>
    <entry file="file://$PROJECT_DIR$/src/components/User.vue">
      <provider selected="true" editor-type-id="text-editor">
        <state relative-caret-position="260">
          <caret line="13" column="12" selection-start-line="13" selection-start-column="12" selection-end-line="13" selection-end-column="12" />
        </state>
      </provider>
    </entry>
  </component>
  <component name="masterDetails">
    <states>
      <state key="ArtifactsStructureConfigurable.UI">
        <settings>
          <artifact-editor />
          <splitter-proportions>
            <option name="proportions">
              <list>
                <option value="0.2" />
              </list>
            </option>
          </splitter-proportions>
        </settings>
      </state>
      <state key="FacetStructureConfigurable.UI">
        <settings>
          <splitter-proportions>
            <option name="proportions">
              <list>
                <option value="0.2" />
              </list>
            </option>
          </splitter-proportions>
        </settings>
      </state>
      <state key="GlobalLibrariesConfigurable.UI">
        <settings>
          <splitter-proportions>
            <option name="proportions">
              <list>
                <option value="0.2" />
              </list>
            </option>
          </splitter-proportions>
        </settings>
      </state>
      <state key="JdkListConfigurable.UI">
        <settings>
          <splitter-proportions>
            <option name="proportions">
              <list>
                <option value="0.2" />
              </list>
            </option>
          </splitter-proportions>
        </settings>
      </state>
      <state key="ModuleStructureConfigurable.UI">
        <settings>
          <splitter-proportions>
            <option name="proportions">
              <list>
                <option value="0.2" />
              </list>
            </option>
          </splitter-proportions>
        </settings>
      </state>
      <state key="ProjectLibrariesConfigurable.UI">
        <settings>
          <splitter-proportions>
            <option name="proportions">
              <list>
                <option value="0.2" />
              </list>
            </option>
          </splitter-proportions>
        </settings>
      </state>
    </states>
  </component>
</project>