<project version="4">
  <component name="FileEditorManager">
    <leaf />
  </component>
  <component name="IdeDocumentHistory">
    <option name="CHANGED_PATHS">
      <list>
        <option value="$PROJECT_DIR$/src/main/resources/static/index.html" />
        <option value="$PROJECT_DIR$/src/main/resources/mapper/MessageMapper.xml" />
        <option value="$PROJECT_DIR$/src/main/java/com/ke/clipboard/dao/MessageDao.java" />
        <option value="$PROJECT_DIR$/src/main/java/com/ke/clipboard/controller/TextController.java" />
      </list>
    </option>
  </component>
  <component name="MavenProjectNavigator">
    <treeState>
      <expand />
      <select />
    </treeState>
  </component>
  <component name="ProjectFrameBounds" x="0" y="0" width="2240" height="1340" extendedState="6" />
  <component name="ProjectView">
    <navigator currentView="Scope" currentSubView="Scope 'Project Files'; set:Project Files; class com.intellij.psi.search.scope.ProjectFilesScope" proportions="" version="1" />
    <panes>
      <pane id="Scope">
        <subPane subId="Scope 'Project Files'; set:Project Files; class com.intellij.psi.search.scope.ProjectFilesScope">
          <expand>
            <path>
              <item name="Clipboard" type="3d21c010:ScopeViewTreeModel$ProjectNode" />
              <item name="Clipboard" type="2674bda8:ScopeViewTreeModel$GroupNode" />
            </path>
            <path>
              <item name="Clipboard" type="3d21c010:ScopeViewTreeModel$ProjectNode" />
              <item name="Clipboard" type="2674bda8:ScopeViewTreeModel$GroupNode" />
              <item name="src/main" type="9f88c78c:ScopeViewTreeModel$FileNode" />
            </path>
            <path>
              <item name="Clipboard" type="3d21c010:ScopeViewTreeModel$ProjectNode" />
              <item name="Clipboard" type="2674bda8:ScopeViewTreeModel$GroupNode" />
              <item name="src/main" type="9f88c78c:ScopeViewTreeModel$FileNode" />
              <item name="java" type="9f88c78c:ScopeViewTreeModel$FileNode" />
            </path>
            <path>
              <item name="Clipboard" type="3d21c010:ScopeViewTreeModel$ProjectNode" />
              <item name="Clipboard" type="2674bda8:ScopeViewTreeModel$GroupNode" />
              <item name="src/main" type="9f88c78c:ScopeViewTreeModel$FileNode" />
              <item name="java" type="9f88c78c:ScopeViewTreeModel$FileNode" />
              <item name="com.ke.clipboard" type="9f88c78c:ScopeViewTreeModel$FileNode" />
            </path>
          </expand>
          <select />
        </subPane>
      </pane>
      <pane id="PackagesPane" />
      <pane id="ProjectPane">
        <subPane>
          <expand>
            <path>
              <item name="Clipboard" type="b2602c69:ProjectViewProjectNode" />
              <item name="Clipboard" type="462c0819:PsiDirectoryNode" />
            </path>
          </expand>
          <select />
        </subPane>
      </pane>
    </panes>
  </component>
  <component name="TimeTrackingManager">
    <option name="totallyTimeSpent" value="3061000" />
  </component>
  <component name="ToolWindowManager">
    <frame x="-7" y="-7" width="1508" height="908" extended-state="6" />
    <layout>
      <window_info active="true" content_ui="combo" id="Project" order="0" visible="true" weight="0.25310344" />
      <window_info id="Structure" order="1" side_tool="true" weight="0.25" />
      <window_info id="Favorites" order="2" side_tool="true" />
      <window_info id="Web" order="3" side_tool="true" />
      <window_info anchor="bottom" id="Message" order="0" />
      <window_info anchor="bottom" id="Find" order="1" />
      <window_info anchor="bottom" id="Run" order="2" weight="0.32939634" />
      <window_info anchor="bottom" id="Debug" order="3" weight="0.39895013" />
      <window_info anchor="bottom" id="Cvs" order="4" weight="0.25" />
      <window_info anchor="bottom" id="Inspection" order="5" weight="0.4" />
      <window_info anchor="bottom" id="TODO" order="6" />
      <window_info anchor="bottom" id="Internal Method Tracing" order="7" />
      <window_info anchor="bottom" id="Build" order="8" weight="0.32939634" />
      <window_info anchor="bottom" id="Messages" order="9" visible="true" weight="0.32597402" />
      <window_info anchor="bottom" id="Spring" order="10" />
      <window_info anchor="bottom" id="TypeScript" order="11" />
      <window_info anchor="bottom" id="Services" order="12" show_stripe_button="false" />
      <window_info anchor="bottom" id="Terminal" order="13" />
      <window_info anchor="bottom" id="Event Log" order="14" side_tool="true" />
      <window_info anchor="bottom" id="Java Enterprise" order="15" />
      <window_info anchor="bottom" id="Database Changes" order="16" />
      <window_info anchor="bottom" id="Version Control" order="17" />
      <window_info anchor="bottom" id="Endpoints" order="18" show_stripe_button="false" />
      <window_info anchor="right" id="Commander" internal_type="SLIDING" order="0" type="SLIDING" weight="0.4" />
      <window_info anchor="right" id="Ant Build" order="1" weight="0.25" />
      <window_info anchor="right" content_ui="combo" id="Hierarchy" order="2" weight="0.25" />
      <window_info anchor="right" id="Maven" order="3" visible="true" weight="0.3289655" />
      <window_info anchor="right" id="Ant" order="4" />
      <window_info anchor="right" id="Database" order="5" />
      <window_info anchor="right" id="Theme Preview" order="6" />
    </layout>
  </component>
  <component name="editorHistoryManager">
    <entry file="file://$PROJECT_DIR$/Clipboard/src/main/java/com/ke/clipboard/ClipboardApp.java" />
    <entry file="file://$PROJECT_DIR$/Clipboard/pom.xml" />
    <entry file="file://$PROJECT_DIR$/Clipboard/src/main/resources/mapper/MessageMapper.xml" />
    <entry file="file://$PROJECT_DIR$/Clipboard/src/main/java/com/ke/clipboard/controller/TextController.java" />
    <entry file="file://$PROJECT_DIR$/Clipboard/src/main/java/com/ke/clipboard/dao/MessageDao.java" />
    <entry file="file://$PROJECT_DIR$/Clipboard/src/main/resources/static/index.html" />
  </component>
  <component name="masterDetails">
    <states>
      <state key="ArtifactsStructureConfigurable.UI">
        <settings>
          <artifact-editor />
          <splitter-proportions>
            <option name="proportions">
              <list>
                <option value="0.2" />
              </list>
            </option>
          </splitter-proportions>
        </settings>
      </state>
      <state key="FacetStructureConfigurable.UI">
        <settings>
          <splitter-proportions>
            <option name="proportions">
              <list>
                <option value="0.2" />
              </list>
            </option>
          </splitter-proportions>
        </settings>
      </state>
      <state key="GlobalLibrariesConfigurable.UI">
        <settings>
          <splitter-proportions>
            <option name="proportions">
              <list>
                <option value="0.2" />
              </list>
            </option>
          </splitter-proportions>
        </settings>
      </state>
      <state key="JdkListConfigurable.UI">
        <settings>
          <splitter-proportions>
            <option name="proportions">
              <list>
                <option value="0.2" />
              </list>
            </option>
          </splitter-proportions>
        </settings>
      </state>
      <state key="ModuleStructureConfigurable.UI">
        <settings>
          <last-edited>Clipboard</last-edited>
          <splitter-proportions>
            <option name="proportions">
              <list>
                <option value="0.2" />
              </list>
            </option>
          </splitter-proportions>
        </settings>
      </state>
      <state key="ProjectLibrariesConfigurable.UI">
        <settings>
          <splitter-proportions>
            <option name="proportions">
              <list>
                <option value="0.2" />
              </list>
            </option>
          </splitter-proportions>
        </settings>
      </state>
    </states>
  </component>
</project>