{"data":{"ghhprefs":"s{\"shownotc\":[\"Y\",\"Show hit notices(Y|N)\"],\"mngpaneopen\":[\"Y-N\",\"Persistence enabled(Y|N),Pane was open(Y|N),Last tab number(1-4)\"],\"mngbtnstyle\":[\"both-ifrN-R-M-Y-H\",\"Display Manage Hiding button and Block buttons(mng|blk|both),In iframes(ifrN|ifrY),Position(R,T,B),Block button display(P,M),Block button tooltips(Y|N), Block button position(H|C)\"],\"addtolistpos\":[\"end\",\"Where to add new hits to block lists(end|top|sort)\"],\"aggressiveblock\":[\"none\",\"Which domains to default to shorter form(none|all|www)\"],\"usemutation\":[\"on-Y\",\"Listen for mutation events(on|off),Use DOM4 Mutation Observer(Y|N)\"],\"oneclick\":[\"N-N\",\"One-click blocking(Y|N),Goes to Perma-ban(Y|N)\"],\"runbeta\":[\"N\",\"Enable incompletely tested features (Y|N)\"],\"reserved2\":[\"X\",\"Y\"]}","hideyback":"s|raw.githubusercontent.com:t|GHHbD_perma_ban_list.txt:t|005i.com:p|01-123.com:p|01-800.cn:p|021shfx.com:p|024ksm.com:p|025pc.cn:p|029jiakang.com:p|029soho.com:p|054wan.com:p|0551.us:p|069.net:p|0752173.com:p|079.254560.top:p|086wl.com:p|0931safe.com:p|0937673.info:p|0xzx.com:p|100860.com:p|101fashion.com.tw:p|10241314.com:p|103.hk:p|10615.com.cn:p|1141.net:p|114saige.com:p|123.125.114.18:p|1233win.com:p|125135.com:p|128ic.com:p|136.la:p|137997.com:p|14oo.cc:p|151.com.tw:p|1515u.com:p|15300.cn:p|1587555.com:p|15meili.com:p|163081.com:p|1666yl.com:p|16885518.com:p|173-fc.com:p|17dotaba.com:p|17xuexi.org:p|187801.com:p|19kaifu.com:p|1mpi.com:p|1pyy.com:p|1r1g.com:p|1wfd.com:p|20122011.org:p|209353.com:p|23cpc.com:p|23scg.cn:p|25065.net:p|252yy.net:p|26531.loan:p|2996299.com:p|2a2d75.dcmir4f.com:p|30333.loan:p|3137com.com:p|32xyj.pw:p|360adsolutions.com:p|360du.net.cn:p|38953h.cn:p|392623.com:p|3jwz.com:p|3li.cc:p|3rxing.org:p|3ssq8z.bmspzs.pw:p|3v4.net:p|400839.com:p|4382.loan:p|4659866.com:p|4743.loan:p|4910.com:p|4blc.com:p|4c94.cn:p|4pee.com:p|4r8.nfjhn.com:p|507q96.cn:p|51bbo.com:p|51dongshi.com:p|51qutuanjian.com:p|51ttxue.com:p|51xmz.com:p|520bdy.com:p|52fuqu.com:p|52youguan.com:p|5403.net:p|5467.com:p|55118885.com:p|567516.com:p|56weiyu.com:p|5730.net:p|57c69d.bb6zz.com:p|57zhuan.cn:p|58pan.cn:p|591522.com:p|59177.net:p|5azy.com:p|5eso.com:p|5ibook.net:p|5k33i.cn:p|5pk.ah.2j0.iyu.y7.l99.m.7d6y.com:p|611fu.com:p|635sc.com:p|65at.cc:p|666so.cn:p|68suan.com:p|68xi.com:p|6ke89.cn:p|70ol.com:p|710dnuv.com:p|732722.com:p|75q.net:p|75yy.com:p|77tui.cn:p|793985.com:p|7dianying.com:p|7gt80.com:p|807z8.cn:p|81819.download:p|818497.39164.com:p|81age.com:p|842504.com:p|850310.com:p|8558.me:p|8671555.com:p|86clouds.com:p|87nmg.com:p|8801w.com:p|888777.xyz:p|8923.download:p|8lk.com:p|8sou.net:p|9000wy.info:p|901209.com:p|91096762.k201.opensrs.cn:p|9154555.com:p|91cheap.net:p|91xfb.com:p|92yeyu.com:p|9672800.win:p|9744.cc:p|98248.loan:p|993113.cn:p|999kaopu.com:p|99mingpian.com:p|9wxs.com:p|9yyu.com:p|a372.cn:p|aaiv.net:p|abadisurvey.com:p|abdwap.work:p|abks.hfges.top:p|acehfoto.com:p|adwithaglobal.com:p|aeo.com.cn:p|aew-sdn.com:p|aibu8w.com:p|aimees.cn:p|airsatddt.com:p|alia.xlhad.top:p|alisousou.com:p|aliziarealestate.com:p|allside.news:p|allweblink.com:p|almtlakes.org:p|ameliapharm.com:p|amzalborz.com:p|anderson-machineries.com:p|angiefans.com:p|anhuilife.com:p|anitadreamhotel.com:p|anlon.com.tw:p|answer-id.com:p|answiz.com:p|antarcticshop.com:p|anticaitaliacomano.it:p|anysafer.com:p|aosae.com:p|appleglitz.com:p|aptvgo.com:p|archtek.com.tw:p|artwebradio.com:p|ask.todgo.com:p|asp.cx:p|asspunk.iteye.com:p|atamaldives.net:p|atwhcb.com:p|austrade-ch.com:p|baba100.com:p|baidle.com:p|baidu.com.024women.com:p|baidu.com.27f8d94bd0b249a6a9168b1e26efbee7.kaweiso.com:p|baidu.com.s.2fjc5sedmhi5enihkmsurq7smzl5kzvwx2aehaa8ollo7miojqwlkkzobt0w2.e6b885e5bfae899d.zhulhua.com.cn:p|baidu.com.se:p|baidu.com.swd1rsv_spt1rsv_iqid.1234on.com:p|baidu.com.txzer.com:p|baidu.fileso.com:p|baidu.mx:p|baidu.seo-taiwan.com:p|baiduer.com.cn:p|baiduwangpan.cn:p|bainei.com:p|baishengyl82.date:p|bajieyou.com:p|baojiabao.com:p|barcode-label.com.cn:p|basoso.com:p|bbbabc.cc:p|bbs.pcbeta.ex1.ipv6.xjklmy.com:p|bbsmax.com:p|bcajw.com:p|bccrwp.org:p|bdqxgw.com:p|bdw365.com:p|becreativeblog.com:p|bellevuewatourism.com:p|beqve.cn:p|bestpdm.com:p|bg8399.com:p|biabu.com.cn:p|big-tits-and-round-asses.com:p|bigdatabuy.com:p|bigeunion.com:p|bikerschallenge.com:p|bjhongxiangyuyu.com:p|bjqcjh.com:p|bjrailwayhotel.com:p|bkcmt.com:p|blog.jiecaoba.cn:p|bluefly.com.tw:p|bmhjq.net:p|bmlu.com.cn:p|bntuan.com:p|boadt8.co:p|boboad.com:p|bocaipingji.26my.com:p|bolangwan.com:p|bongnao.cn:p|boschgl.com:p|bridgeportmilitaryacademy.net:p|brlbarel.com:p|bstcy.com:p|btwmch.com:p|buaq.net:p|buylun.com:p|bvjpsb.net:p|bxlac.com:p|bynss.com:p|bypidenver.com:p|bzwyl.com:p|ca88-com.net:p|caao.net:p|cadfanholidays.co.uk:p|caijing114.com:p|cameron-a-reviews.com:p|cashlendup.net:p|cbbxk.com:p|cdbao.ex5.ipv6.xjklmy.com:p|cencelli.it:p|chacalanghanoi.com:p|chagzh.com:p|chaojiss.com:p|chaoyue.link:p|check4herpes.com:p|chengzi1058.com:p|chezaiyi.cn:p|chihome.com.tw:p|chihovet.com.tw:p|china-jianzhu.com:p|china-nzgys.com:p|chinadmd.com:p|chinapentapur.com:p|chineseinla.com:p|chromes.cn:p|ciawe.com:p|cihangyuan.com:p|city1.cn:p|cjsoso.com:p|ckshishang.com:p|classicalguitarandbeyond.com:p|cnto411.com:p|codebug.vip:p|codejzy.com:p|codenong.com:p|coder.work:p|codercto.com:p|codycn.com:p|com.sinoextruder.net.cn:p|compozi.com:p|copyan.com:p|could2.com:p|coutinhoadvogados.com:p|cqsscai3188.com:p|cqxhfgz.com:p|cscec7bjt.com:p|ctcea.org:p|custompatches4u.com:p|cxjygj.com:p|cy-hl.com:p|cyclesurfstudio.com:p|cyhs888.com:p|cyhtzd.com:p|czmuhe.com:p|daidaigou.org:p|dainifei.info:p|daizhiduo.com:p|damingweb.com:p|daokeyou.top:p|daxuesou.com:p|dc120.com.cn:p|ddhyl.cn:p|ddoca.com:p|deal4investments.com:p|desertstreams-surprise.com:p|dflag.pw:p|dgbx888.com:p|dglangan.com:p|dglnfk.com:p|dgso.cn:p|dgth88.com:p|dgweiliangboli.com:p|diaochezulingongsi.com:p|diaosizhainan.com:p|differentsplit.com:p|dingfu68.com:p|dingjisc.com:p|djyz007.com:p|dlcswm.com:p|doczj.com:p|donglian640.com:p|dongnanshan.com:p|doo.me:p|dpwatch8.com:p|dqzdhw.com:p|duanzh.com:p|duanzhihu.com:p|dunstanhardcastle.com:p|duoduohelp.com:p|duonao.cc:p|dxxc.com:p|dy1991.com:p|dyzdy.cn:p|eayzer.com:p|ec-n.net:p|ecvss.org:p|ed2ks.com:p|edwardianjewellery.com:p|efwm.qswrj.download:p|ek162.com:p|ekyah.link:p|enchantedauction.com:p|energietarieven-vergelijken.com:p|entertainment14.net:p|eooele.com:p|eqisou.net:p|erdie826.com:p|esame.cn:p|eshidai.com:p|esihui.com:p|exemm.com:p|exoplanetmagazine.com:p|expressionssurat.com:p|exthe247.com:p|f2qu.com:p|fafa42.bb6zz.com:p|fags.vdeaj.top:p|faithfilledapparel.com:p|fangbianyouyu.com:p|farsportswheels.com:p|fastso.cn:p|fatie.me:p|fbws.razot.top:p|feihongxuexiao.com:p|fenglangty.com:p|feqn.top:p|ffbc57.d071.com:p|fhkyg.cricket:p|findapk.cn:p|findeen.co.uk:p|findeen.com:p|fiscusseamlessguttering.com:p|fjaxlzy.com:p|fjyy.ncznx.top:p|floridamotocrosstracks.com:p|flyzyblog.com:p|fnk.seqe.org.cn:p|forenose.com:p|free-lunwen.com:p|free699.com:p|friga.de:p|frong.net:p|fsyingxin.com:p|furniturelowe.com:p|fuwuqiceping.com:p|fuyimokuai.com:p|fuyingdq.com:p|fwtd.cn:p|fydqw.com:p|fzjk.kxhsm.top:p|gaaf.klvgb.loan:p|gaiwen.com:p|gametalk.site:p|gaojiq.cn:p|gbfgg.cn:p|gd12121.com:p|gdcmendhar.com:p|geek-share.com:p|geiso.cn:p|geistlich-key2success.com:p|getool.com:p|gfsoso.zj005.com:p|gfsousou.cn:p|gfsstp.com:p|ggc-asia.com:p|ggsloreleykoelnde.com:p|ghosttrainbuilder.com:p|gionee.com:p|gjfs.com.cn:p|gkgjws.com:p|glassessalecp.com:p|gogonews.cc:p|googqi.com:p|gouo.cn:p|graphenstone-china.com:p|grinstreet.ru:p|gsmxm.com:p|gufen138.com:p|guilinshouji.com:p|guiyangjia.com:p|gxy995.com:p|gz-has.com:p|gzdxdjk.com:p|gzgxzsj.com:p|gzlcsx.com:p|gzxijiya.com:p|haier188.us:p|hang365.com:p|hangyexia.com:p|hanlefang.net:p|hao123.0554.us:p|hao136.com:p|hao4k.cn:p|hao8.net:p|haohuolife.com:p|haoqu.org:p|haorizs.com:p|haoxp123.com:p|haoyar.com:p|haoyiwuliu.com:p|hblp.cn:p|hbzfgs.com:p|hcoj.uonwt.download:p|hd800.net:p|hdnkm.com:p|heciao.com.tw:p|hedo188.com:p|help315.com.cn:p|henankuai328.bid:p|hgfzf.cn:p|hgmfy.cn:p|hgqbq.cn:p|hicaopan.com:p|highdesertboutiquevendors.com:p|hipstacowboys.com:p|hitalk.site:p|hjtoysco.cn:p|hk.kuaiso.com:p|hkhvd.com:p|hmgzj.cn:p|hnkj21.com:p|hnsmpf.com:p|homeliva.com:p|homewanchai.com:p|honghuahui.app:p|hongsheng1998.com:p|hoosoo.cc:p|hotbak.net:p|howsou.com:p|hq396.com:p|hssjw.cn:p|htdzzk.com.cn:p|huangheidc.com:p|huangjinqihuo.com:p|huanqiao406.com:p|huo123.cc:p|hxfldsz.com:p|hyyl186.com:p|hz-xin.com:p|hzreader.com:p|i3baby.com:p|iaac.com.cn:p|ibnsales.com:p|icanopen.com:p|icb2011.com:p|icmat.net:p|ijinfa.cn:p|ikue.info:p|imadebrand.com:p|image.haosou.com:p|immo-logis.net:p|innofthedovedallas.com:p|insideabritishmumskitchen.com:p|insitedesigns.net:p|intowuzhen.com:p|iolstl.com:p|ironbuffalocomics.com:p|it1352.com:p|itdaan.com:p|itranslater.com:p|iuham.com:p|iyangzhi.com:p|izlax.cn:p|jalsys.com:p|javaer101.com:p|jayunqi.com:p|jbsmzx.com:p|jbstilwellauthor.com:p|jccreate.com:p|ji9.org:p|jiajvhuishou.com:p|jimengli.com:p|jinbei.com:p|jingyufu.com:p|jingzhunqy.com:p|jinhua888.cn:p|jiuto.cn:p|jiuwei.kuaiso.com:p|jixiangfang.ws:p|jjj.gra-bnoqp.mianfeiwenku.com:p|jk.zhihu.la:p|jlytgs.com:p|jms88bwq.com:p|jmydtc.com:p|joecomp.com:p|jollyny.com:p|jonf.info:p|jordanoliveira.com:p|joyk.com:p|jsgaoxin.com:p|jshyjj.com:p|jslzx.com:p|jsso.cc:p|jswyhq.com:p|jun365.net:p|jusoso.com:p|jxsfgg.com:p|jzhyfrp.com:p|jzxfz.com:p|k3m8dr.cn:p|kabaresta.com:p|kaicen.cn:p|kaitianqi.com:p|kanduanxin.com:p|kaoyu.org:p|kathymorganvoice.com:p|kbck.tzrui.top:p|kerrismn.com:p|kinlawswelcomegrill.com:p|kjdzd.com:p|kk159p.cn:p|kknews.cc:p|kkth.xj.cn:p|ksxianglu.com:p|kuaidichaxun.com.cn:p|kuaisan9588.cc:p|kuaiso.hk:p|kuaisounews.com:p|kubh.lkcpz.download:p|kushalinfra.com:p|kushibar.com.tw:p|kutu66.com:p|kxwo.com:p|kxxzz.com:p|l3x3.cn:p|ladresse-auxerre-cpaimmo.com:p|lamigoclub.com.tw:p|landiannews.com:p|langbookpublishing.com:p|lanzhouyangsheng.com:p|lawpert.com:p|lawpingsew.com:p|lbbaptist.com:p|lcjkgc.cn:p|lemonbiscuitcrumbs.com:p|leyunad.com:p|lfkz.ucvst.top:p|lhckds.com:p|lighteningtikes.com:p|lightfly.com.cn:p|linksure.cn:p|linqq.net:p|live1234.com.cn:p|liwuxian.com:p|ljkqj.loan:p|lkjfglass.com:p|lkmheatlock.com:p|llzdhb.com:p|lnbird.com:p|locvps.xyz:p|loltftpro.com:p|lomoo.com:p|lopshire.net:p|lotterychina.cn:p|lrgjg.com:p|lsmoody.com:p|lsxyy.net:p|lubianfeng.com:p|luntan88.com:p|lushanwenku.com:p|luton-china.com:p|luxury-condos-miami.com:p|lvse.com:p|lvv2.com:p|lwesedu.com:p|lxway.com:p|lxway.net:p|ly-sz1y.com:p|lyy57.cn:p|lzbxgmjj.com:p|lzf2012.usa10.sethost.cn:p|m7v.org:p|machbbs.com:p|mai520.cn:p|mammothlakescrib.com:p|mcp-one.com:p|mdeditor.tw:p|mdlpg.com:p|mdlps.com:p|mdlpt.com:p|me348i.cn:p|meirongbala.com:p|meixiaqu.com:p|mensconsignment.com:p|meteko.com.tw:p|mianfeiwendang.com:p|middermacon18.com:p|mimeplay.club:p|minimidimaxidress.com:p|mittagongmultimedia.com:p|mobilephoneslive.com:p|mofish.work:p|moktime.com:p|montepozuelo.com:p|mosuo.com.cn:p|mosuo.net:p|movervip.com:p|movgod.com:p|mqjnni.co:p|mrcwebapps.com:p|mrslevin.com:p|mt-v.com:p|mtgrupovega.com:p|mthmq.com:p|mtsdb.com:p|mtsou.com:p|mtzdyyey.com:p|mushihua.org:p|mx185.com:p|mxgroup.ru:p|mxtube.net:p|my-olli.com:p|nabba-ua.com:p|naotan020.com:p|natashaenglehardt.com:p|nbyoho.com:p|ncgtw.com:p|nenjiaren.com:p|newcastle.net.cn:p|news.yszx2a.com:p|newtoday.cc:p|nexteer.cc:p|nimasou.me:p|niostack.com:p|niubb.net:p|njrbk.com:p|njxhmbj.com:p|njyyjsxx.com:p|nmhjw.cn:p|nong.09086.cn:p|nongyetai.com:p|notwiki.cn:p|novascotiascott.com:p|ntustsg.com:p|nxtoten.com:p|o2onlyone.net:p|obnseo.com:p|odf-ts.com:p|odkeji.com:p|offblastsoftworks.com:p|ohoneyjade.com:p|oikm.net:p|okzixun.net:p|oliobonamini.com:p|omniwise.com.tw:p|oneho.cn:p|ooxy.esgpm.top:p|optima-ski.com:p|ose.cc:p|ost-us.com:p|otrjobmatch.com:p|ouiot.com:p|ouyiyule8.com:p|ov333.com:p|owlapps.net:p|p8ce.com:p|pabj.net:p|padiran-restaurant.com:p|palicaishi.com:p|pan.haoii123.com:p|pan.yini.me:p|paruze.com:p|pcok100.com:p|peiyige.com:p|pexim.vn:p|photoplayhouse.com:p|pianshen.com:p|pigfun.cn:p|pinxia.cc:p|pitalitobicentenario.com:p|pjmrw.cn:p|pjszy.com:p|platinumpro-online.com:p|pledz.cn:p|pmyx.net:p|products212.com:p|programmer.help:p|projectservers.net:p|psgy.qqabf.download:p|puataiwan.com:p|pzft.xekjn.top:p|q2xaea.aqzlmy.pw:p|q5j.org:p|qastack.cn:p|qcuao.top:p|qiandaohutrip.cn:p|qianzhaopeng.com:p|qioa.pw:p|qiongbaba.net:p|qiongling.com:p|qiongwengc.cn:p|qiuxiami.com:p|qiuzhi5.com:p|qiyerz.com:p|qljjgw.com:p|qmvdy.com:p|qqcaipu.com:p|qqshouyou.com:p|qqzhix.com:p|qqzxzq.me:p|qslcg.com:p|qslcz.com:p|qu02.com:p|quanbuso.com:p|quantumafrica4.com:p|qubaidu.cn:p|qubian.cn:p|quweiso.com:p|qyqstore.com:p|raisingjane.net:p|rcxtw.cn:p|re2n9p.fmtywj.pw:p|read01.com:p|read678.com:p|reallifetucson.com:p|relcare.com.cn:p|renniboix.loan:p|rightwithgod.net:p|rjqyl.com:p|rkgpc.date:p|rockero.com.py:p|royaloakblean.com:p|rtmj.net:p|ry8zx.com:p|rzki.gibmk.download:p|sadyr.party:p|saerim.net:p|salon-diana.net:p|sanwenba.com:p|saojiejie.023mp.net:p|saopaulocalling.org:p|saryagash-tour.com:p|sbskf.com:p|scptol.com:p|sdbeta_com.sx11xuan561.review:p|sdcnjt.com:p|sdfymy777.com:p|sdlhw.com.cn:p|sdrb.net:p|sdss.cn:p|sdwanbo.com:p|sdzwhmw.com:p|search.discuz.qq.com:p|sebastianyepesdesign.com:p|seedsbuddy.com:p|seemk.com:p|sh-jieao.com:p|shangdixinxi.com:p|shantiyogatupelo.com:p|shanyouwang.com:p|shatangju.net:p|shcg.cn:p|shdisheng.cn:p|shen-zhan.com:p|shengyijixie.com:p|shenso.wang:p|shiai4444.com:p|shkxsy.cn:p|shouji211.com:p|shuangsan.cn:p|shve.org:p|shxy888.com:p|shzewang.com:p|simonmarketingagency.com:p|simplesend.com:p|sirdesmonddesilvaqc.com:p|sitevalue.net:p|sj.itdqs.com:p|sj55.org:p|sjzdsy.com:p|sk2.net:p|skyline-pallc.com:p|sl800.cn:p|slandail.net:p|slavadesigns.com:p|slgjg.com:p|smallbizdiary.com:p|smtp.ns2.mywindowsolution.com:p|snplw.cn:p|so.100lw.com:p|so.365vsh.com:p|so.520meiyuan.com:p|so.7coder.com:p|so.81282.com:p|so.812dj.com:p|so.alc360.com:p|so.anggang.com:p|so.ciliba.com:p|so.cokcn.cn:p|so.cyweb.cn:p|so.dedeadmin.com:p|so.edczg.cn:p|so.gnsoso.com:p|so.haowen.org:p|so.lcxzs.cn:p|so.lkeshangpc.cn:p|so.nalc.com.cn:p|so.nshidai.net:p|so.sanlou.net:p|so.shenbojiawangbs.com:p|so.ttywx.com:p|so.tz365.cn:p|so.v3v4.com:p|so.vineken.com:p|so.vjiangyin.net:p|so.xiaohuihui.net:p|so.xn--vhq2kx24m.com:p|so.xy123.cc:p|so.yunfei89.com:p|so.zanhuangwang.com:p|so.znqnet.com:p|soba123.com:p|sodocs.net:p|soinside.com:p|sokuer.com:p|sokutu.com:p|somjj.com:p|sonanone.com:p|sosnboutique.com:p|sotop.org:p|sou-deng.com:p|sou.linmingyao.cn:p|sou.sfe8.com:p|soudiy.com:p|soumoye.com:p|souzhuang.cn:p|specialty-tire.com:p|speed.m.baidu.com:p|spudgreenlake.com:p|ssgwy.com:p|sshkz.com:p|stacknoob.com:p|stackoom.com:p|stackoverrun.com:p|standfordiabetes.com:p|steamcuba.com:p|stellavingzeinternational.com:p|sugarfree-photo.com:p|sulianqi.cn:p|sundaeshoes.com:p|supermobileqa.com:p|suxa.org:p|svwlx.cn:p|sweattheplay.com:p|systemcity.cn:p|szaksd.com:p|szbgp.com:p|szredsafe.com:p|takecare.com.tw:p|talleralcubo.com:p|tanghtine.com:p|taozx.cn:p|tapatalk.com:p|taptapdashonline.com:p|tarinaka.com:p|tceic.com:p|techwrestler.com:p|teentube18.org:p|telanganatopnews.com:p|tenjiao.net:p|texanatrailslodge.com:p|tg9.com:p|thaigraphicdesign.com:p|thebowhuntersjournal.com:p|thegentlemensboxinggym.com:p|thelatinoartproject.com:p|thelittlestrawberryfarm.com:p|themortgagebeyondnetwork.com:p|theupsstoredc.net:p|thinbug.com:p|tianman602.com:p|tigresounds.com:p|tihaofree.com:p|tixixuexi.com:p|tizuh.cn:p|tjjltx.com:p|tjqncj.com:p|tjydhz.com:p|tmjd.27mai.com:p|tomatoesweb.com:p|toms2013.com:p|tongfengqu.com:p|tongso.com:p|tool.jqhnt.com.cn:p|tpiorg.com:p|tpofy.com:p|tpst.com.cn:p|trendsshop.cn:p|triboulet.it:p|trust1688.com:p|tsns.xyz:p|tttiii.cc:p|tujour.com:p|tvkrimpenerwaard.nl:p|twgjy.com:p|twgreatdaily.com:p|twypage.com:p|txjingyi.com:p|tzboli.com:p|u158q5.cn:p|u88sz.com:p|uberalift.com:p|universalusbinstallerdownload.com:p|uomgb.com:p|uqseo.com:p|usechinavpn.com:p|usku.xawqr.accountant:p|uslos.com:p|uwenku.com:p|v6lr.adnfn.link:p|valuesfootprint.com:p|vcaaz.com:p|verycd9.com:p|vfbp.vqyew.loan:p|vhnaea8.com:p|vickarsgroup.com:p|video10216-gov.top:p|video12326-gov.top:p|video12366-gov.top:p|video12996-gov.top:p|video14536-gov.top:p|video14626-gov.top:p|video16086-gov.top:p|video16106-gov.top:p|video18786-gov.top:p|video6556-gov.top:p|video8496-gov.top:p|video91.com:p|viltd.com:p|visionaras.com:p|vk-c.net:p|vnlr.tduaz.top:p|voidcn.com:p|vonkalm.com:p|voorp.com:p|vpsak.com:p|vpsmm.com:p|vpsmr.com:p|vpsurl.com:p|vxiang1.com:p|w-yue.com:p|walkthetalkblog.com:p|wallpaper-photos.com:p|wangshuai.net:p|wanzi163.com:p|waterstaiwan.com.tw:p|ways2u.com:p|wd.haosou.com:p|web.mybnb.tw:p|webplus.org.cn:p|weiaizu.com:p|weibaoju.com:p|weibo5i.com:p|weiboroom.com:p|weimeiba.com:p|weimeicun.com:p|weivb.com:p|weixineda.com:p|weixingon.com:p|wenku1.com:p|wenshanok.com:p|wenshuw.com:p|westsectionclub.com:p|whitneytembelis.com:p|whysw88.com:p|wienfm.com:p|wikioi.com:p|windrimbuilding.com:p|wispypages.com:p|wj-o3.com:p|wjxwlr.cn:p|wldbs.com:p|wldci.com:p|wntzx.cn:p|wodekuandai.com:p|woniuidc.com:p|workhard.guru:p|woso.cn:p|wowoka.com:p|wpwfg.cn:p|wuji8.com:p|wwtw.yeane.top:p|www-54197.com:p|www3.udpdu.com:p|wyel.okqqz.top:p|wywqw.net:p|wznk.net:p|x77ba.com:p|xablgt.cn:p|xahaihongbz.com:p|xalssy.com.cn:p|xaylqh.com:p|xayyzsgc.com:p|xdjwm.com:p|xdrn.net:p|xgcs98.com:p|xianfanglei.com:p|xianjinghn.com:p|xiaobaike.net:p|xiaohui482.com:p|xiaosou.cc:p|xieetuuy.com:p|xilr.uwudk.top:p|xima.org:p|xinfuq.cn:p|xinguge.cn:p|xinhexinli.com:p|xjdpg.cn:p|xjguke.com.cn:p|xjlmst.com:p|xlfz.ybswv.top:p|xmaustar.com:p|xmtx88.com:p|xs.zhihu.la:p|xuie.pw:p|xuyich.com:p|xzhetdq.com:p|yamamah.net:p|yanapozarin.com:p|yao51.com:p|yataitextile.com:p|ybkhw.cn:p|ycluomen.com:p|ydxyw.cn:p|yeeed.com:p|yesterdaysapples.com:p|yfstone.net:p|yfytw.com:p|yibinyd.com:p|yidiansousuo.com:p|yingyuwen.com:p|yinweiaihuoguo.com:p|yinxiu266.com:p|yinyan.org:p|yiper.cn:p|yjebh.com:p|yjhxw.cn:p|yjsou.cn:p|ymeid.com:p|yngymy.com:p|yogacorepower.com:p|yon.hk:p|yoneihan.com:p|yougaowang.com:p|yqkk.ynzmb.loan:p|yqso.cn:p|yqzxdq.com:p|ys2344.com:p|ysboss.cn:p|ysou.pw:p|yteh.xpwqq.download:p|ytswx.com:p|yuanmacha.com:p|yulindown.com:p|yutongsh.com:p|yw168.cn:p|ywzvx.top:p|yxgjgc.com:p|yxjcfjzz.com:p|yxjdcc.com:p|yysit.com:p|z7yule.cn:p|zbqy.net:p|zbzhanheng.com:p|zcblsw.com:p|zcndt.cn:p|ze3.234665.top:p|zeqa.mygqi.top:p|zftmw.com:p|zggqyl.com:p|zgscxly.com:p|zhaihai.com:p|zhajun.com:p|zhangjingchu.org:p|zhanso.cn:p|zhaozhuji.com:p|zhenhesaun.com:p|zhihu.la:p|zhihujingxuan.com:p|zhipanyou.com:p|zhizhusou.com:p|zhongguogongyi.com:p|zhongrunzx.com:p|zhuaniphone.com:p|zihonggong.com:p|zipperjob.cn:p|zircondentalcraft.com:p|zixundingzhi.com:p|zjlianteng.com:p|zjqlct.com:p|zmtests.com:p|zodiacthefest.com:p|zpcsg.cn:p|zrzwpa.com:p|zuiyese.com:p|zvazx.link:p|zx001.com.cn:p|zxbx.awejp.top:p|zxsy5.com:p|zyldjd.com:p|zz759.com:p|zzhesheng.com:p|zzjwcf.com:p|cloud.tencent.com:p|","hideyhosts":"s|raw.githubusercontent.com:t|GHHbD_perma_ban_list.txt:t|005i.com:p|01-123.com:p|01-800.cn:p|021shfx.com:p|024ksm.com:p|025pc.cn:p|029jiakang.com:p|029soho.com:p|054wan.com:p|0551.us:p|069.net:p|0752173.com:p|079.254560.top:p|086wl.com:p|0931safe.com:p|0937673.info:p|0xzx.com:p|100860.com:p|101fashion.com.tw:p|10241314.com:p|103.hk:p|10615.com.cn:p|1141.net:p|114saige.com:p|123.125.114.18:p|1233win.com:p|125135.com:p|128ic.com:p|136.la:p|137997.com:p|14oo.cc:p|151.com.tw:p|1515u.com:p|15300.cn:p|1587555.com:p|15meili.com:p|163081.com:p|1666yl.com:p|16885518.com:p|173-fc.com:p|17dotaba.com:p|17xuexi.org:p|187801.com:p|19kaifu.com:p|1mpi.com:p|1pyy.com:p|1r1g.com:p|1wfd.com:p|20122011.org:p|209353.com:p|23cpc.com:p|23scg.cn:p|25065.net:p|252yy.net:p|26531.loan:p|2996299.com:p|2a2d75.dcmir4f.com:p|30333.loan:p|3137com.com:p|32xyj.pw:p|360adsolutions.com:p|360du.net.cn:p|38953h.cn:p|392623.com:p|3jwz.com:p|3li.cc:p|3rxing.org:p|3ssq8z.bmspzs.pw:p|3v4.net:p|400839.com:p|4382.loan:p|4659866.com:p|4743.loan:p|4910.com:p|4blc.com:p|4c94.cn:p|4pee.com:p|4r8.nfjhn.com:p|507q96.cn:p|51bbo.com:p|51dongshi.com:p|51qutuanjian.com:p|51ttxue.com:p|51xmz.com:p|520bdy.com:p|52fuqu.com:p|52youguan.com:p|5403.net:p|5467.com:p|55118885.com:p|567516.com:p|56weiyu.com:p|5730.net:p|57c69d.bb6zz.com:p|57zhuan.cn:p|58pan.cn:p|591522.com:p|59177.net:p|5azy.com:p|5eso.com:p|5ibook.net:p|5k33i.cn:p|5pk.ah.2j0.iyu.y7.l99.m.7d6y.com:p|611fu.com:p|635sc.com:p|65at.cc:p|666so.cn:p|68suan.com:p|68xi.com:p|6ke89.cn:p|70ol.com:p|710dnuv.com:p|732722.com:p|75q.net:p|75yy.com:p|77tui.cn:p|793985.com:p|7dianying.com:p|7gt80.com:p|807z8.cn:p|81819.download:p|818497.39164.com:p|81age.com:p|842504.com:p|850310.com:p|8558.me:p|8671555.com:p|86clouds.com:p|87nmg.com:p|8801w.com:p|888777.xyz:p|8923.download:p|8lk.com:p|8sou.net:p|9000wy.info:p|901209.com:p|91096762.k201.opensrs.cn:p|9154555.com:p|91cheap.net:p|91xfb.com:p|92yeyu.com:p|9672800.win:p|9744.cc:p|98248.loan:p|993113.cn:p|999kaopu.com:p|99mingpian.com:p|9wxs.com:p|9yyu.com:p|a372.cn:p|aaiv.net:p|abadisurvey.com:p|abdwap.work:p|abks.hfges.top:p|acehfoto.com:p|adwithaglobal.com:p|aeo.com.cn:p|aew-sdn.com:p|aibu8w.com:p|aimees.cn:p|airsatddt.com:p|alia.xlhad.top:p|alisousou.com:p|aliziarealestate.com:p|allside.news:p|allweblink.com:p|almtlakes.org:p|ameliapharm.com:p|amzalborz.com:p|anderson-machineries.com:p|angiefans.com:p|anhuilife.com:p|anitadreamhotel.com:p|anlon.com.tw:p|answer-id.com:p|answiz.com:p|antarcticshop.com:p|anticaitaliacomano.it:p|anysafer.com:p|aosae.com:p|appleglitz.com:p|aptvgo.com:p|archtek.com.tw:p|artwebradio.com:p|ask.todgo.com:p|asp.cx:p|asspunk.iteye.com:p|atamaldives.net:p|atwhcb.com:p|austrade-ch.com:p|baba100.com:p|baidle.com:p|baidu.com.024women.com:p|baidu.com.27f8d94bd0b249a6a9168b1e26efbee7.kaweiso.com:p|baidu.com.s.2fjc5sedmhi5enihkmsurq7smzl5kzvwx2aehaa8ollo7miojqwlkkzobt0w2.e6b885e5bfae899d.zhulhua.com.cn:p|baidu.com.se:p|baidu.com.swd1rsv_spt1rsv_iqid.1234on.com:p|baidu.com.txzer.com:p|baidu.fileso.com:p|baidu.mx:p|baidu.seo-taiwan.com:p|baiduer.com.cn:p|baiduwangpan.cn:p|bainei.com:p|baishengyl82.date:p|bajieyou.com:p|baojiabao.com:p|barcode-label.com.cn:p|basoso.com:p|bbbabc.cc:p|bbs.pcbeta.ex1.ipv6.xjklmy.com:p|bbsmax.com:p|bcajw.com:p|bccrwp.org:p|bdqxgw.com:p|bdw365.com:p|becreativeblog.com:p|bellevuewatourism.com:p|beqve.cn:p|bestpdm.com:p|bg8399.com:p|biabu.com.cn:p|big-tits-and-round-asses.com:p|bigdatabuy.com:p|bigeunion.com:p|bikerschallenge.com:p|bjhongxiangyuyu.com:p|bjqcjh.com:p|bjrailwayhotel.com:p|bkcmt.com:p|blog.jiecaoba.cn:p|bluefly.com.tw:p|bmhjq.net:p|bmlu.com.cn:p|bntuan.com:p|boadt8.co:p|boboad.com:p|bocaipingji.26my.com:p|bolangwan.com:p|bongnao.cn:p|boschgl.com:p|bridgeportmilitaryacademy.net:p|brlbarel.com:p|bstcy.com:p|btwmch.com:p|buaq.net:p|buylun.com:p|bvjpsb.net:p|bxlac.com:p|bynss.com:p|bypidenver.com:p|bzwyl.com:p|ca88-com.net:p|caao.net:p|cadfanholidays.co.uk:p|caijing114.com:p|cameron-a-reviews.com:p|cashlendup.net:p|cbbxk.com:p|cdbao.ex5.ipv6.xjklmy.com:p|cencelli.it:p|chacalanghanoi.com:p|chagzh.com:p|chaojiss.com:p|chaoyue.link:p|check4herpes.com:p|chengzi1058.com:p|chezaiyi.cn:p|chihome.com.tw:p|chihovet.com.tw:p|china-jianzhu.com:p|china-nzgys.com:p|chinadmd.com:p|chinapentapur.com:p|chineseinla.com:p|chromes.cn:p|ciawe.com:p|cihangyuan.com:p|city1.cn:p|cjsoso.com:p|ckshishang.com:p|classicalguitarandbeyond.com:p|cnto411.com:p|codebug.vip:p|codejzy.com:p|codenong.com:p|coder.work:p|codercto.com:p|codycn.com:p|com.sinoextruder.net.cn:p|compozi.com:p|copyan.com:p|could2.com:p|coutinhoadvogados.com:p|cqsscai3188.com:p|cqxhfgz.com:p|cscec7bjt.com:p|ctcea.org:p|custompatches4u.com:p|cxjygj.com:p|cy-hl.com:p|cyclesurfstudio.com:p|cyhs888.com:p|cyhtzd.com:p|czmuhe.com:p|daidaigou.org:p|dainifei.info:p|daizhiduo.com:p|damingweb.com:p|daokeyou.top:p|daxuesou.com:p|dc120.com.cn:p|ddhyl.cn:p|ddoca.com:p|deal4investments.com:p|desertstreams-surprise.com:p|dflag.pw:p|dgbx888.com:p|dglangan.com:p|dglnfk.com:p|dgso.cn:p|dgth88.com:p|dgweiliangboli.com:p|diaochezulingongsi.com:p|diaosizhainan.com:p|differentsplit.com:p|dingfu68.com:p|dingjisc.com:p|djyz007.com:p|dlcswm.com:p|doczj.com:p|donglian640.com:p|dongnanshan.com:p|doo.me:p|dpwatch8.com:p|dqzdhw.com:p|duanzh.com:p|duanzhihu.com:p|dunstanhardcastle.com:p|duoduohelp.com:p|duonao.cc:p|dxxc.com:p|dy1991.com:p|dyzdy.cn:p|eayzer.com:p|ec-n.net:p|ecvss.org:p|ed2ks.com:p|edwardianjewellery.com:p|efwm.qswrj.download:p|ek162.com:p|ekyah.link:p|enchantedauction.com:p|energietarieven-vergelijken.com:p|entertainment14.net:p|eooele.com:p|eqisou.net:p|erdie826.com:p|esame.cn:p|eshidai.com:p|esihui.com:p|exemm.com:p|exoplanetmagazine.com:p|expressionssurat.com:p|exthe247.com:p|f2qu.com:p|fafa42.bb6zz.com:p|fags.vdeaj.top:p|faithfilledapparel.com:p|fangbianyouyu.com:p|farsportswheels.com:p|fastso.cn:p|fatie.me:p|fbws.razot.top:p|feihongxuexiao.com:p|fenglangty.com:p|feqn.top:p|ffbc57.d071.com:p|fhkyg.cricket:p|findapk.cn:p|findeen.co.uk:p|findeen.com:p|fiscusseamlessguttering.com:p|fjaxlzy.com:p|fjyy.ncznx.top:p|floridamotocrosstracks.com:p|flyzyblog.com:p|fnk.seqe.org.cn:p|forenose.com:p|free-lunwen.com:p|free699.com:p|friga.de:p|frong.net:p|fsyingxin.com:p|furniturelowe.com:p|fuwuqiceping.com:p|fuyimokuai.com:p|fuyingdq.com:p|fwtd.cn:p|fydqw.com:p|fzjk.kxhsm.top:p|gaaf.klvgb.loan:p|gaiwen.com:p|gametalk.site:p|gaojiq.cn:p|gbfgg.cn:p|gd12121.com:p|gdcmendhar.com:p|geek-share.com:p|geiso.cn:p|geistlich-key2success.com:p|getool.com:p|gfsoso.zj005.com:p|gfsousou.cn:p|gfsstp.com:p|ggc-asia.com:p|ggsloreleykoelnde.com:p|ghosttrainbuilder.com:p|gionee.com:p|gjfs.com.cn:p|gkgjws.com:p|glassessalecp.com:p|gogonews.cc:p|googqi.com:p|gouo.cn:p|graphenstone-china.com:p|grinstreet.ru:p|gsmxm.com:p|gufen138.com:p|guilinshouji.com:p|guiyangjia.com:p|gxy995.com:p|gz-has.com:p|gzdxdjk.com:p|gzgxzsj.com:p|gzlcsx.com:p|gzxijiya.com:p|haier188.us:p|hang365.com:p|hangyexia.com:p|hanlefang.net:p|hao123.0554.us:p|hao136.com:p|hao4k.cn:p|hao8.net:p|haohuolife.com:p|haoqu.org:p|haorizs.com:p|haoxp123.com:p|haoyar.com:p|haoyiwuliu.com:p|hblp.cn:p|hbzfgs.com:p|hcoj.uonwt.download:p|hd800.net:p|hdnkm.com:p|heciao.com.tw:p|hedo188.com:p|help315.com.cn:p|henankuai328.bid:p|hgfzf.cn:p|hgmfy.cn:p|hgqbq.cn:p|hicaopan.com:p|highdesertboutiquevendors.com:p|hipstacowboys.com:p|hitalk.site:p|hjtoysco.cn:p|hk.kuaiso.com:p|hkhvd.com:p|hmgzj.cn:p|hnkj21.com:p|hnsmpf.com:p|homeliva.com:p|homewanchai.com:p|honghuahui.app:p|hongsheng1998.com:p|hoosoo.cc:p|hotbak.net:p|howsou.com:p|hq396.com:p|hssjw.cn:p|htdzzk.com.cn:p|huangheidc.com:p|huangjinqihuo.com:p|huanqiao406.com:p|huo123.cc:p|hxfldsz.com:p|hyyl186.com:p|hz-xin.com:p|hzreader.com:p|i3baby.com:p|iaac.com.cn:p|ibnsales.com:p|icanopen.com:p|icb2011.com:p|icmat.net:p|ijinfa.cn:p|ikue.info:p|imadebrand.com:p|image.haosou.com:p|immo-logis.net:p|innofthedovedallas.com:p|insideabritishmumskitchen.com:p|insitedesigns.net:p|intowuzhen.com:p|iolstl.com:p|ironbuffalocomics.com:p|it1352.com:p|itdaan.com:p|itranslater.com:p|iuham.com:p|iyangzhi.com:p|izlax.cn:p|jalsys.com:p|javaer101.com:p|jayunqi.com:p|jbsmzx.com:p|jbstilwellauthor.com:p|jccreate.com:p|ji9.org:p|jiajvhuishou.com:p|jimengli.com:p|jinbei.com:p|jingyufu.com:p|jingzhunqy.com:p|jinhua888.cn:p|jiuto.cn:p|jiuwei.kuaiso.com:p|jixiangfang.ws:p|jjj.gra-bnoqp.mianfeiwenku.com:p|jk.zhihu.la:p|jlytgs.com:p|jms88bwq.com:p|jmydtc.com:p|joecomp.com:p|jollyny.com:p|jonf.info:p|jordanoliveira.com:p|joyk.com:p|jsgaoxin.com:p|jshyjj.com:p|jslzx.com:p|jsso.cc:p|jswyhq.com:p|jun365.net:p|jusoso.com:p|jxsfgg.com:p|jzhyfrp.com:p|jzxfz.com:p|k3m8dr.cn:p|kabaresta.com:p|kaicen.cn:p|kaitianqi.com:p|kanduanxin.com:p|kaoyu.org:p|kathymorganvoice.com:p|kbck.tzrui.top:p|kerrismn.com:p|kinlawswelcomegrill.com:p|kjdzd.com:p|kk159p.cn:p|kknews.cc:p|kkth.xj.cn:p|ksxianglu.com:p|kuaidichaxun.com.cn:p|kuaisan9588.cc:p|kuaiso.hk:p|kuaisounews.com:p|kubh.lkcpz.download:p|kushalinfra.com:p|kushibar.com.tw:p|kutu66.com:p|kxwo.com:p|kxxzz.com:p|l3x3.cn:p|ladresse-auxerre-cpaimmo.com:p|lamigoclub.com.tw:p|landiannews.com:p|langbookpublishing.com:p|lanzhouyangsheng.com:p|lawpert.com:p|lawpingsew.com:p|lbbaptist.com:p|lcjkgc.cn:p|lemonbiscuitcrumbs.com:p|leyunad.com:p|lfkz.ucvst.top:p|lhckds.com:p|lighteningtikes.com:p|lightfly.com.cn:p|linksure.cn:p|linqq.net:p|live1234.com.cn:p|liwuxian.com:p|ljkqj.loan:p|lkjfglass.com:p|lkmheatlock.com:p|llzdhb.com:p|lnbird.com:p|locvps.xyz:p|loltftpro.com:p|lomoo.com:p|lopshire.net:p|lotterychina.cn:p|lrgjg.com:p|lsmoody.com:p|lsxyy.net:p|lubianfeng.com:p|luntan88.com:p|lushanwenku.com:p|luton-china.com:p|luxury-condos-miami.com:p|lvse.com:p|lvv2.com:p|lwesedu.com:p|lxway.com:p|lxway.net:p|ly-sz1y.com:p|lyy57.cn:p|lzbxgmjj.com:p|lzf2012.usa10.sethost.cn:p|m7v.org:p|machbbs.com:p|mai520.cn:p|mammothlakescrib.com:p|mcp-one.com:p|mdeditor.tw:p|mdlpg.com:p|mdlps.com:p|mdlpt.com:p|me348i.cn:p|meirongbala.com:p|meixiaqu.com:p|mensconsignment.com:p|meteko.com.tw:p|mianfeiwendang.com:p|middermacon18.com:p|mimeplay.club:p|minimidimaxidress.com:p|mittagongmultimedia.com:p|mobilephoneslive.com:p|mofish.work:p|moktime.com:p|montepozuelo.com:p|mosuo.com.cn:p|mosuo.net:p|movervip.com:p|movgod.com:p|mqjnni.co:p|mrcwebapps.com:p|mrslevin.com:p|mt-v.com:p|mtgrupovega.com:p|mthmq.com:p|mtsdb.com:p|mtsou.com:p|mtzdyyey.com:p|mushihua.org:p|mx185.com:p|mxgroup.ru:p|mxtube.net:p|my-olli.com:p|nabba-ua.com:p|naotan020.com:p|natashaenglehardt.com:p|nbyoho.com:p|ncgtw.com:p|nenjiaren.com:p|newcastle.net.cn:p|news.yszx2a.com:p|newtoday.cc:p|nexteer.cc:p|nimasou.me:p|niostack.com:p|niubb.net:p|njrbk.com:p|njxhmbj.com:p|njyyjsxx.com:p|nmhjw.cn:p|nong.09086.cn:p|nongyetai.com:p|notwiki.cn:p|novascotiascott.com:p|ntustsg.com:p|nxtoten.com:p|o2onlyone.net:p|obnseo.com:p|odf-ts.com:p|odkeji.com:p|offblastsoftworks.com:p|ohoneyjade.com:p|oikm.net:p|okzixun.net:p|oliobonamini.com:p|omniwise.com.tw:p|oneho.cn:p|ooxy.esgpm.top:p|optima-ski.com:p|ose.cc:p|ost-us.com:p|otrjobmatch.com:p|ouiot.com:p|ouyiyule8.com:p|ov333.com:p|owlapps.net:p|p8ce.com:p|pabj.net:p|padiran-restaurant.com:p|palicaishi.com:p|pan.haoii123.com:p|pan.yini.me:p|paruze.com:p|pcok100.com:p|peiyige.com:p|pexim.vn:p|photoplayhouse.com:p|pianshen.com:p|pigfun.cn:p|pinxia.cc:p|pitalitobicentenario.com:p|pjmrw.cn:p|pjszy.com:p|platinumpro-online.com:p|pledz.cn:p|pmyx.net:p|products212.com:p|programmer.help:p|projectservers.net:p|psgy.qqabf.download:p|puataiwan.com:p|pzft.xekjn.top:p|q2xaea.aqzlmy.pw:p|q5j.org:p|qastack.cn:p|qcuao.top:p|qiandaohutrip.cn:p|qianzhaopeng.com:p|qioa.pw:p|qiongbaba.net:p|qiongling.com:p|qiongwengc.cn:p|qiuxiami.com:p|qiuzhi5.com:p|qiyerz.com:p|qljjgw.com:p|qmvdy.com:p|qqcaipu.com:p|qqshouyou.com:p|qqzhix.com:p|qqzxzq.me:p|qslcg.com:p|qslcz.com:p|qu02.com:p|quanbuso.com:p|quantumafrica4.com:p|qubaidu.cn:p|qubian.cn:p|quweiso.com:p|qyqstore.com:p|raisingjane.net:p|rcxtw.cn:p|re2n9p.fmtywj.pw:p|read01.com:p|read678.com:p|reallifetucson.com:p|relcare.com.cn:p|renniboix.loan:p|rightwithgod.net:p|rjqyl.com:p|rkgpc.date:p|rockero.com.py:p|royaloakblean.com:p|rtmj.net:p|ry8zx.com:p|rzki.gibmk.download:p|sadyr.party:p|saerim.net:p|salon-diana.net:p|sanwenba.com:p|saojiejie.023mp.net:p|saopaulocalling.org:p|saryagash-tour.com:p|sbskf.com:p|scptol.com:p|sdbeta_com.sx11xuan561.review:p|sdcnjt.com:p|sdfymy777.com:p|sdlhw.com.cn:p|sdrb.net:p|sdss.cn:p|sdwanbo.com:p|sdzwhmw.com:p|search.discuz.qq.com:p|sebastianyepesdesign.com:p|seedsbuddy.com:p|seemk.com:p|sh-jieao.com:p|shangdixinxi.com:p|shantiyogatupelo.com:p|shanyouwang.com:p|shatangju.net:p|shcg.cn:p|shdisheng.cn:p|shen-zhan.com:p|shengyijixie.com:p|shenso.wang:p|shiai4444.com:p|shkxsy.cn:p|shouji211.com:p|shuangsan.cn:p|shve.org:p|shxy888.com:p|shzewang.com:p|simonmarketingagency.com:p|simplesend.com:p|sirdesmonddesilvaqc.com:p|sitevalue.net:p|sj.itdqs.com:p|sj55.org:p|sjzdsy.com:p|sk2.net:p|skyline-pallc.com:p|sl800.cn:p|slandail.net:p|slavadesigns.com:p|slgjg.com:p|smallbizdiary.com:p|smtp.ns2.mywindowsolution.com:p|snplw.cn:p|so.100lw.com:p|so.365vsh.com:p|so.520meiyuan.com:p|so.7coder.com:p|so.81282.com:p|so.812dj.com:p|so.alc360.com:p|so.anggang.com:p|so.ciliba.com:p|so.cokcn.cn:p|so.cyweb.cn:p|so.dedeadmin.com:p|so.edczg.cn:p|so.gnsoso.com:p|so.haowen.org:p|so.lcxzs.cn:p|so.lkeshangpc.cn:p|so.nalc.com.cn:p|so.nshidai.net:p|so.sanlou.net:p|so.shenbojiawangbs.com:p|so.ttywx.com:p|so.tz365.cn:p|so.v3v4.com:p|so.vineken.com:p|so.vjiangyin.net:p|so.xiaohuihui.net:p|so.xn--vhq2kx24m.com:p|so.xy123.cc:p|so.yunfei89.com:p|so.zanhuangwang.com:p|so.znqnet.com:p|soba123.com:p|sodocs.net:p|soinside.com:p|sokuer.com:p|sokutu.com:p|somjj.com:p|sonanone.com:p|sosnboutique.com:p|sotop.org:p|sou-deng.com:p|sou.linmingyao.cn:p|sou.sfe8.com:p|soudiy.com:p|soumoye.com:p|souzhuang.cn:p|specialty-tire.com:p|speed.m.baidu.com:p|spudgreenlake.com:p|ssgwy.com:p|sshkz.com:p|stacknoob.com:p|stackoom.com:p|stackoverrun.com:p|standfordiabetes.com:p|steamcuba.com:p|stellavingzeinternational.com:p|sugarfree-photo.com:p|sulianqi.cn:p|sundaeshoes.com:p|supermobileqa.com:p|suxa.org:p|svwlx.cn:p|sweattheplay.com:p|systemcity.cn:p|szaksd.com:p|szbgp.com:p|szredsafe.com:p|takecare.com.tw:p|talleralcubo.com:p|tanghtine.com:p|taozx.cn:p|tapatalk.com:p|taptapdashonline.com:p|tarinaka.com:p|tceic.com:p|techwrestler.com:p|teentube18.org:p|telanganatopnews.com:p|tenjiao.net:p|texanatrailslodge.com:p|tg9.com:p|thaigraphicdesign.com:p|thebowhuntersjournal.com:p|thegentlemensboxinggym.com:p|thelatinoartproject.com:p|thelittlestrawberryfarm.com:p|themortgagebeyondnetwork.com:p|theupsstoredc.net:p|thinbug.com:p|tianman602.com:p|tigresounds.com:p|tihaofree.com:p|tixixuexi.com:p|tizuh.cn:p|tjjltx.com:p|tjqncj.com:p|tjydhz.com:p|tmjd.27mai.com:p|tomatoesweb.com:p|toms2013.com:p|tongfengqu.com:p|tongso.com:p|tool.jqhnt.com.cn:p|tpiorg.com:p|tpofy.com:p|tpst.com.cn:p|trendsshop.cn:p|triboulet.it:p|trust1688.com:p|tsns.xyz:p|tttiii.cc:p|tujour.com:p|tvkrimpenerwaard.nl:p|twgjy.com:p|twgreatdaily.com:p|twypage.com:p|txjingyi.com:p|tzboli.com:p|u158q5.cn:p|u88sz.com:p|uberalift.com:p|universalusbinstallerdownload.com:p|uomgb.com:p|uqseo.com:p|usechinavpn.com:p|usku.xawqr.accountant:p|uslos.com:p|uwenku.com:p|v6lr.adnfn.link:p|valuesfootprint.com:p|vcaaz.com:p|verycd9.com:p|vfbp.vqyew.loan:p|vhnaea8.com:p|vickarsgroup.com:p|video10216-gov.top:p|video12326-gov.top:p|video12366-gov.top:p|video12996-gov.top:p|video14536-gov.top:p|video14626-gov.top:p|video16086-gov.top:p|video16106-gov.top:p|video18786-gov.top:p|video6556-gov.top:p|video8496-gov.top:p|video91.com:p|viltd.com:p|visionaras.com:p|vk-c.net:p|vnlr.tduaz.top:p|voidcn.com:p|vonkalm.com:p|voorp.com:p|vpsak.com:p|vpsmm.com:p|vpsmr.com:p|vpsurl.com:p|vxiang1.com:p|w-yue.com:p|walkthetalkblog.com:p|wallpaper-photos.com:p|wangshuai.net:p|wanzi163.com:p|waterstaiwan.com.tw:p|ways2u.com:p|wd.haosou.com:p|web.mybnb.tw:p|webplus.org.cn:p|weiaizu.com:p|weibaoju.com:p|weibo5i.com:p|weiboroom.com:p|weimeiba.com:p|weimeicun.com:p|weivb.com:p|weixineda.com:p|weixingon.com:p|wenku1.com:p|wenshanok.com:p|wenshuw.com:p|westsectionclub.com:p|whitneytembelis.com:p|whysw88.com:p|wienfm.com:p|wikioi.com:p|windrimbuilding.com:p|wispypages.com:p|wj-o3.com:p|wjxwlr.cn:p|wldbs.com:p|wldci.com:p|wntzx.cn:p|wodekuandai.com:p|woniuidc.com:p|workhard.guru:p|woso.cn:p|wowoka.com:p|wpwfg.cn:p|wuji8.com:p|wwtw.yeane.top:p|www-54197.com:p|www3.udpdu.com:p|wyel.okqqz.top:p|wywqw.net:p|wznk.net:p|x77ba.com:p|xablgt.cn:p|xahaihongbz.com:p|xalssy.com.cn:p|xaylqh.com:p|xayyzsgc.com:p|xdjwm.com:p|xdrn.net:p|xgcs98.com:p|xianfanglei.com:p|xianjinghn.com:p|xiaobaike.net:p|xiaohui482.com:p|xiaosou.cc:p|xieetuuy.com:p|xilr.uwudk.top:p|xima.org:p|xinfuq.cn:p|xinguge.cn:p|xinhexinli.com:p|xjdpg.cn:p|xjguke.com.cn:p|xjlmst.com:p|xlfz.ybswv.top:p|xmaustar.com:p|xmtx88.com:p|xs.zhihu.la:p|xuie.pw:p|xuyich.com:p|xzhetdq.com:p|yamamah.net:p|yanapozarin.com:p|yao51.com:p|yataitextile.com:p|ybkhw.cn:p|ycluomen.com:p|ydxyw.cn:p|yeeed.com:p|yesterdaysapples.com:p|yfstone.net:p|yfytw.com:p|yibinyd.com:p|yidiansousuo.com:p|yingyuwen.com:p|yinweiaihuoguo.com:p|yinxiu266.com:p|yinyan.org:p|yiper.cn:p|yjebh.com:p|yjhxw.cn:p|yjsou.cn:p|ymeid.com:p|yngymy.com:p|yogacorepower.com:p|yon.hk:p|yoneihan.com:p|yougaowang.com:p|yqkk.ynzmb.loan:p|yqso.cn:p|yqzxdq.com:p|ys2344.com:p|ysboss.cn:p|ysou.pw:p|yteh.xpwqq.download:p|ytswx.com:p|yuanmacha.com:p|yulindown.com:p|yutongsh.com:p|yw168.cn:p|ywzvx.top:p|yxgjgc.com:p|yxjcfjzz.com:p|yxjdcc.com:p|yysit.com:p|z7yule.cn:p|zbqy.net:p|zbzhanheng.com:p|zcblsw.com:p|zcndt.cn:p|ze3.234665.top:p|zeqa.mygqi.top:p|zftmw.com:p|zggqyl.com:p|zgscxly.com:p|zhaihai.com:p|zhajun.com:p|zhangjingchu.org:p|zhanso.cn:p|zhaozhuji.com:p|zhenhesaun.com:p|zhihu.la:p|zhihujingxuan.com:p|zhipanyou.com:p|zhizhusou.com:p|zhongguogongyi.com:p|zhongrunzx.com:p|zhuaniphone.com:p|zihonggong.com:p|zipperjob.cn:p|zircondentalcraft.com:p|zixundingzhi.com:p|zjlianteng.com:p|zjqlct.com:p|zmtests.com:p|zodiacthefest.com:p|zpcsg.cn:p|zrzwpa.com:p|zuiyese.com:p|zvazx.link:p|zx001.com.cn:p|zxbx.awejp.top:p|zxsy5.com:p|zyldjd.com:p|zz759.com:p|zzhesheng.com:p|zzjwcf.com:p|cloud.tencent.com:p|csdn.net:p|"},"ts":1627442668602}