<application>
  <component name="NodeJsLocalInterpreters">
    <local-interpreter path="D:/DevTool/node.js/node.exe" />
  </component>
  <component name="PropertiesComponent">
    <property name="CommitChangeListDialog.DETAILS_SPLITTER_PROPORTION_2" value="0.62464184" />
    <property name="Copy.OpenInEditor" value="true" />
    <property name="Default.SavedEditorTheme" value="_@user_Default" />
    <property name="ExpandRunDashboardTypesPanel" value="false" />
    <property name="FrameworksFinderRecursivePanel[0]" value="0.14084508" />
    <property name="MarketplacePluginsSearchHistory" value="liveEdit&#10;lombok&#10;lom&#10;l" />
    <property name="SettingsSearchHistory" value="auto&#10;plugin" />
    <property name="build.toolwindow.Sync.selection.state" value="com.intellij.build.BuildTreeConsoleView" />
    <property name="build.toolwindow.run.selection.state" value="com.intellij.build.BuildTreeConsoleView" />
    <property name="com.intellij.openapi.roots.ui.configuration.TabbedModuleEditor.selectedEditor" value="Sources" />
    <property name="create.project.preferred.importer" value="Maven" />
    <property name="decompiler.legal.notice.accepted" value="true" />
    <property name="defaultJdkConfigured" value="true" />
    <property name="es6.show.auto.import" value="true" />
    <property name="evlsprt3.193" value="11" />
    <property name="file.chooser.recent.files" value="D:/Code/Clipboard/Clipboard/pom.xml&#10;D:/Code/Clipboard-frontend&#10;D:/Code/myvue&#10;D:/Code/Clipboard/pom.xml&#10;C:/Users/ksx/OneDrive/Code/Clipboard/pom.xml&#10;D:/DevTool/apache-maven-3.8.1/conf/settings.xml&#10;D:/DevTool/apache-maven-3.8.1/repo&#10;D:/Code/Clipboard&#10;D:/Code&#10;D:/DevTool/jdk" />
    <property name="file.gist.reindex.count" value="75" />
    <property name="fileTypeChangedCounter" value="2" />
    <property name="ide.memory.adjusted" value="true" />
    <property name="installed.kotlin.plugin.version" value="1.3.61-release-IJ2019.3-1" />
    <property name="jdk.selected.JAVA_MODULE" value="1.8" />
    <property name="kotlin.lastUpdateCheck" value="1625947467071" />
    <property name="kotlin.plugin.releaseDate" value="1.3.61-release-IJ2019.3-1:2019-11-26" />
    <property name="last.imported.location" value="D:/Code/Clipboard/Clipboard/pom.xml" />
    <property name="lastTip" value="4" />
    <property name="packagesearch.endpoint.url.fulltext" value="https://package-search.services.jetbrains.com/api/search/idea/fulltext" />
    <property name="packagesearch.endpoint.url.suggest" value="https://package-search.services.jetbrains.com/api/search/idea/suggest" />
    <property name="packagesearch.status.updated.ts" value="1625942270025" />
    <property name="project.wizard.group" value="org.jetbrains.idea.maven.wizards.InternalMavenModuleBuilder" />
    <property name="spring.initializr.service.url.history" value="" />
    <property name="spring.initializr.service.url.last" value="https://start.spring.io" />
    <property name="tasks.pass.word.conversion.enforced" value="true" />
    <property name="ts.lib.d.ts.version" value="3.7.2" />
    <property name="typescript.show.auto.import" value="true" />
  </component>
</application>