<application>
  <component name="RecentProjectsManager">
    <option name="additionalInfo">
      <map>
        <entry key="$USER_HOME$/OneDrive/Code/Clipboard">
          <value>
            <RecentProjectMetaInfo projectWorkspaceId="1v8SYSRn1dvnDDJd5gCGezCcSvP">
              <option name="binFolder" value="$APPLICATION_HOME_DIR$/bin" />
              <option name="build" value="IU-193.6494.35" />
              <option name="buildTimestamp" value="1581395758717" />
              <frame x="18" y="133" width="1787" height="1067" extendedState="6" />
              <option name="productionCode" value="IU" />
              <option name="projectOpenTimestamp" value="1626101434484" />
            </RecentProjectMetaInfo>
          </value>
        </entry>
        <entry key="D:/Code/myvue">
          <value>
            <RecentProjectMetaInfo projectWorkspaceId="1v9oHoFtQ3d6IiNifL8nwy4ZrrT">
              <option name="binFolder" value="$APPLICATION_HOME_DIR$/bin" />
              <option name="build" value="IU-193.6494.35" />
              <option name="buildTimestamp" value="1581395718424" />
              <frame x="66" y="51" width="2082" height="1260" extendedState="6" />
              <option name="productionCode" value="IU" />
              <option name="projectOpenTimestamp" value="1626519151575" />
            </RecentProjectMetaInfo>
          </value>
        </entry>
        <entry key="D:/Code/Clipboard-frontend">
          <value>
            <RecentProjectMetaInfo projectWorkspaceId="1v9oHoFtQ3d6IiNifL8nwy4ZrrT">
              <option name="binFolder" value="$APPLICATION_HOME_DIR$/bin" />
              <option name="build" value="IU-193.6494.35" />
              <option name="buildTimestamp" value="1581395718424" />
              <frame x="66" y="51" width="2082" height="1260" extendedState="6" />
              <option name="productionCode" value="IU" />
              <option name="projectOpenTimestamp" value="1626520444532" />
            </RecentProjectMetaInfo>
          </value>
        </entry>
        <entry key="D:/Code/Clipboard">
          <value>
            <RecentProjectMetaInfo projectWorkspaceId="1vROvAbGfoq0aHDhJHMI7vB28nT">
              <option name="binFolder" value="$APPLICATION_HOME_DIR$/bin" />
              <option name="build" value="IU-193.6494.35" />
              <option name="buildTimestamp" value="1581395720426" />
              <frame x="-11" y="-11" width="2262" height="1362" extendedState="6" />
              <option name="productionCode" value="IU" />
              <option name="projectOpenTimestamp" value="1626521664031" />
            </RecentProjectMetaInfo>
          </value>
        </entry>
        <entry key="D:/Code/Clipboard/Clipboard">
          <value>
            <RecentProjectMetaInfo opened="true" projectWorkspaceId="1vRHMvfzc8wo0kDhvBRgxxVKlEB">
              <option name="binFolder" value="$APPLICATION_HOME_DIR$/bin" />
              <option name="build" value="IU-193.6494.35" />
              <option name="buildTimestamp" value="1581395720705" />
              <frame x="0" y="0" width="2240" height="1340" extendedState="6" />
              <option name="productionCode" value="IU" />
              <option name="projectOpenTimestamp" value="1626526463368" />
            </RecentProjectMetaInfo>
          </value>
        </entry>
      </map>
    </option>
    <option name="lastProjectLocation" value="D:/Code" />
    <option name="recentPaths">
      <list>
        <option value="D:/Code/Clipboard/Clipboard" />
        <option value="D:/Code/Clipboard" />
        <option value="D:/Code/Clipboard-frontend" />
        <option value="D:/Code/myvue" />
        <option value="$USER_HOME$/OneDrive/Code/Clipboard" />
      </list>
    </option>
  </component>
</application>