<application>
  <component name="DimensionService">
    <location key="find.popup.0.0.2240.1400@144dpi" x="642" y="69" />
    <size key="GridCell.Tab.0.left.0.0.2240.1400@144dpi" width="2153" height="414" />
    <size key="GridCell.Tab.0.center.0.0.2240.1400@144dpi" width="2153" height="414" />
    <size key="GridCell.Tab.0.right.0.0.2240.1400@144dpi" width="2153" height="414" />
    <size key="GridCell.Tab.0.bottom.0.0.2240.1400@144dpi" width="2153" height="414" />
    <size key="GridCell.Tab.1.left.0.0.2240.1400@144dpi" width="2153" height="414" />
    <size key="GridCell.Tab.1.center.0.0.2240.1400@144dpi" width="2153" height="414" />
    <size key="GridCell.Tab.1.right.0.0.2240.1400@144dpi" width="2153" height="414" />
    <size key="GridCell.Tab.1.bottom.0.0.2240.1400@144dpi" width="2153" height="414" />
    <size key="GridCell.Tab.2.left.0.0.2240.1400@144dpi" width="2153" height="414" />
    <size key="GridCell.Tab.2.center.0.0.2240.1400@144dpi" width="2153" height="414" />
    <size key="GridCell.Tab.2.right.0.0.2240.1400@144dpi" width="2153" height="414" />
    <size key="GridCell.Tab.2.bottom.0.0.2240.1400@144dpi" width="2153" height="414" />
    <size key="find.popup.0.0.2240.1400@144dpi" width="957" height="1202" />
  </component>
  <component name="WindowManager">
    <frame x="0" y="0" width="2240" height="1340" extendedState="6" />
    <layout>
      <window_info content_ui="combo" id="Project" order="0" weight="0.25" />
      <window_info id="Structure" order="1" weight="0.25" />
      <window_info anchor="bottom" id="Message" order="0" />
      <window_info anchor="bottom" id="Find" order="1" />
      <window_info anchor="bottom" id="Run" order="2" />
      <window_info anchor="bottom" id="Debug" order="3" weight="0.4" />
      <window_info anchor="bottom" id="Cvs" order="4" weight="0.25" />
      <window_info anchor="bottom" id="Inspection" order="5" weight="0.4" />
      <window_info anchor="bottom" id="TODO" order="6" />
      <window_info anchor="right" id="Commander" internal_type="SLIDING" order="0" type="SLIDING" weight="0.4" />
      <window_info anchor="right" id="Ant Build" order="1" weight="0.25" />
      <window_info anchor="right" content_ui="combo" id="Hierarchy" order="2" weight="0.25" />
    </layout>
  </component>
  <component name="WindowStateApplicationService">
    <state x="528" y="141" key="FileChooserDialogImpl" timestamp="1626521777340">
      <screen x="0" y="0" width="1493" height="893" />
    </state>
    <state x="528" y="141" key="FileChooserDialogImpl/0.0.1493.893" timestamp="1626521777340" />
    <state x="396" y="78" key="NewModule_or_Project.wizard" timestamp="1626517936074">
      <screen x="0" y="0" width="1493" height="893" />
    </state>
    <state x="396" y="78" key="NewModule_or_Project.wizard/0.0.1493.893" timestamp="1626517936074" />
    <state x="933" y="752" width="400" height="119" key="ProcessPopupWindow" timestamp="1626521758494">
      <screen x="0" y="0" width="1493" height="893" />
    </state>
    <state x="933" y="752" width="400" height="119" key="ProcessPopupWindow/0.0.1493.893" timestamp="1626521758494" />
    <state x="252" y="26" key="SettingsEditor" timestamp="1625941594841">
      <screen x="0" y="0" width="1493" height="893" />
    </state>
    <state x="252" y="26" key="SettingsEditor/0.0.1493.893" timestamp="1625941594841" />
    <state x="748" y="380" key="WELCOME_SCREEN" timestamp="1626517209374">
      <screen x="0" y="0" width="1493" height="893" />
    </state>
    <state x="748" y="380" key="WELCOME_SCREEN/0.0.1493.893" timestamp="1626517209374" />
    <state x="136" y="0" key="new project wizard" timestamp="1625942269320">
      <screen x="0" y="0" width="1493" height="893" />
    </state>
    <state x="136" y="0" key="new project wizard/0.0.1493.893" timestamp="1625942269320" />
  </component>
</application>